"Mês/Ano";"Tipo";"Ação Orçamentária";"Linguagem Cidadã";"Tipo de Favorecido";"UF";"Município";"Valor Transferido";
"03/2017";"Legais, Voluntárias e Específicas";"00PI - APOIO A ALIMENTACAO ESCOLAR NA EDUCACAO BASICA (PNAE)";"Sem informação";"Administração Pública Municipal";"PB";"COXIXOLA";"R$ 1.584,00";
"04/2017";"Legais, Voluntárias e Específicas";"00PI - APOIO A ALIMENTACAO ESCOLAR NA EDUCACAO BASICA (PNAE)";"Sem informação";"Administração Pública Municipal";"PB";"COXIXOLA";"R$ 2.152,00";
"03/2017";"Legais, Voluntárias e Específicas";"00PI - APOIO A ALIMENTACAO ESCOLAR NA EDUCACAO BASICA (PNAE)";"Sem informação";"Administração Pública Municipal";"PB";"MATO GROSSO";"R$ 3.153,20";
"03/2017";"Legais, Voluntárias e Específicas";"00PI - APOIO A ALIMENTACAO ESCOLAR NA EDUCACAO BASICA (PNAE)";"Sem informação";"Administração Pública Municipal";"PB";"SÃO JOSÉ DE PRINCESA";"R$ 3.264,20";
"03/2017";"Legais, Voluntárias e Específicas";"00PI - APOIO A ALIMENTACAO ESCOLAR NA EDUCACAO BASICA (PNAE)";"Sem informação";"Administração Pública Municipal";"PB";"SÃO JOSÉ DO BREJO DO CRUZ";"R$ 3.665,40";
"03/2017";"Legais, Voluntárias e Específicas";"00PI - APOIO A ALIMENTACAO ESCOLAR NA EDUCACAO BASICA (PNAE)";"Sem informação";"Administração Pública Municipal";"PB";"QUIXABÁ";"R$ 3.863,00";
"04/2017";"Legais, Voluntárias e Específicas";"00PI - APOIO A ALIMENTACAO ESCOLAR NA EDUCACAO BASICA (PNAE)";"Sem informação";"Administração Pública Municipal";"PB";"QUIXABÁ";"R$ 3.863,00";
"03/2017";"Legais, Voluntárias e Específicas";"00PI - APOIO A ALIMENTACAO ESCOLAR NA EDUCACAO BASICA (PNAE)";"Sem informação";"Administração Pública Municipal";"PB";"SÃO JOSÉ DOS CORDEIROS";"R$ 3.868,40";
"04/2017";"Legais, Voluntárias e Específicas";"00PI - APOIO A ALIMENTACAO ESCOLAR NA EDUCACAO BASICA (PNAE)";"Sem informação";"Administração Pública Municipal";"PB";"SÃO JOSÉ DOS CORDEIROS";"R$ 3.868,40";
"04/2017";"Legais, Voluntárias e Específicas";"00PI - APOIO A ALIMENTACAO ESCOLAR NA EDUCACAO BASICA (PNAE)";"Sem informação";"Administração Pública Municipal";"PB";"PARARI";"R$ 3.890,00";
"03/2017";"Legais, Voluntárias e Específicas";"00PI - APOIO A ALIMENTACAO ESCOLAR NA EDUCACAO BASICA (PNAE)";"Sem informação";"Administração Pública Municipal";"PB";"PARARI";"R$ 3.890,00";
"04/2017";"Legais, Voluntárias e Específicas";"00PI - APOIO A ALIMENTACAO ESCOLAR NA EDUCACAO BASICA (PNAE)";"Sem informação";"Administração Pública Municipal";"PB";"AMPARO";"R$ 3.960,00";
"03/2017";"Legais, Voluntárias e Específicas";"00PI - APOIO A ALIMENTACAO ESCOLAR NA EDUCACAO BASICA (PNAE)";"Sem informação";"Administração Pública Municipal";"PB";"AMPARO";"R$ 3.960,00";
"04/2017";"Legais, Voluntárias e Específicas";"00PI - APOIO A ALIMENTACAO ESCOLAR NA EDUCACAO BASICA (PNAE)";"Sem informação";"Administração Pública Municipal";"PB";"AREIA DE BARAÚNAS";"R$ 3.989,40";
"03/2017";"Legais, Voluntárias e Específicas";"00PI - APOIO A ALIMENTACAO ESCOLAR NA EDUCACAO BASICA (PNAE)";"Sem informação";"Administração Pública Municipal";"PB";"AREIA DE BARAÚNAS";"R$ 3.989,40";
"03/2017";"Legais, Voluntárias e Específicas";"00PI - APOIO A ALIMENTACAO ESCOLAR NA EDUCACAO BASICA (PNAE)";"Sem informação";"Administração Pública Municipal";"PB";"FREI MARTINHO";"R$ 3.993,20";
"04/2017";"Legais, Voluntárias e Específicas";"00PI - APOIO A ALIMENTACAO ESCOLAR NA EDUCACAO BASICA (PNAE)";"Sem informação";"Administração Pública Municipal";"PB";"PEDRA LAVRADA";"R$ 4.260,00";
"03/2017";"Legais, Voluntárias e Específicas";"00PI - APOIO A ALIMENTACAO ESCOLAR NA EDUCACAO BASICA (PNAE)";"Sem informação";"Administração Pública Municipal";"PB";"VISTA SERRANA";"R$ 4.283,60";
"04/2017";"Legais, Voluntárias e Específicas";"00PI - APOIO A ALIMENTACAO ESCOLAR NA EDUCACAO BASICA (PNAE)";"Sem informação";"Administração Pública Municipal";"PB";"VISTA SERRANA";"R$ 4.283,60";
"03/2017";"Legais, Voluntárias e Específicas";"00PI - APOIO A ALIMENTACAO ESCOLAR NA EDUCACAO BASICA (PNAE)";"Sem informação";"Administração Pública Municipal";"PB";"SÃO DOMINGOS DO CARIRI";"R$ 4.497,00";
"04/2017";"Legais, Voluntárias e Específicas";"00PI - APOIO A ALIMENTACAO ESCOLAR NA EDUCACAO BASICA (PNAE)";"Sem informação";"Administração Pública Municipal";"PB";"SÃO DOMINGOS DO CARIRI";"R$ 4.497,00";
"04/2017";"Legais, Voluntárias e Específicas";"00PI - APOIO A ALIMENTACAO ESCOLAR NA EDUCACAO BASICA (PNAE)";"Sem informação";"Administração Pública Municipal";"PB";"VÁRZEA";"R$ 4.500,20";
"03/2017";"Legais, Voluntárias e Específicas";"00PI - APOIO A ALIMENTACAO ESCOLAR NA EDUCACAO BASICA (PNAE)";"Sem informação";"Administração Pública Municipal";"PB";"VÁRZEA";"R$ 4.500,20";
"03/2017";"Legais, Voluntárias e Específicas";"00PI - APOIO A ALIMENTACAO ESCOLAR NA EDUCACAO BASICA (PNAE)";"Sem informação";"Administração Pública Municipal";"PB";"SANTO ANDRÉ";"R$ 4.712,20";
"04/2017";"Legais, Voluntárias e Específicas";"00PI - APOIO A ALIMENTACAO ESCOLAR NA EDUCACAO BASICA (PNAE)";"Sem informação";"Administração Pública Municipal";"PB";"SÃO JOSÉ DO BREJO DO CRUZ";"R$ 4.830,40";
"03/2017";"Legais, Voluntárias e Específicas";"00PI - APOIO A ALIMENTACAO ESCOLAR NA EDUCACAO BASICA (PNAE)";"Sem informação";"Administração Pública Municipal";"PB";"RIACHO DE SANTO ANTÔNIO";"R$ 4.866,00";
"04/2017";"Legais, Voluntárias e Específicas";"00PI - APOIO A ALIMENTACAO ESCOLAR NA EDUCACAO BASICA (PNAE)";"Sem informação";"Administração Pública Municipal";"PB";"RIACHO DE SANTO ANTÔNIO";"R$ 4.866,00";
"04/2017";"Legais, Voluntárias e Específicas";"00PI - APOIO A ALIMENTACAO ESCOLAR NA EDUCACAO BASICA (PNAE)";"Sem informação";"Administração Pública Municipal";"PB";"ZABELÊ";"R$ 4.901,20";
"03/2017";"Legais, Voluntárias e Específicas";"00PI - APOIO A ALIMENTACAO ESCOLAR NA EDUCACAO BASICA (PNAE)";"Sem informação";"Administração Pública Municipal";"PB";"ZABELÊ";"R$ 4.901,20";
"03/2017";"Legais, Voluntárias e Específicas";"00PI - APOIO A ALIMENTACAO ESCOLAR NA EDUCACAO BASICA (PNAE)";"Sem informação";"Administração Pública Municipal";"PB";"OURO VELHO";"R$ 4.948,60";
"03/2017";"Legais, Voluntárias e Específicas";"00PI - APOIO A ALIMENTACAO ESCOLAR NA EDUCACAO BASICA (PNAE)";"Sem informação";"Administração Pública Municipal";"PB";"SANTA INÊS";"R$ 4.951,40";
"03/2017";"Legais, Voluntárias e Específicas";"00PI - APOIO A ALIMENTACAO ESCOLAR NA EDUCACAO BASICA (PNAE)";"Sem informação";"Administração Pública Municipal";"PB";"CARRAPATEIRA";"R$ 4.971,00";
"03/2017";"Legais, Voluntárias e Específicas";"00PI - APOIO A ALIMENTACAO ESCOLAR NA EDUCACAO BASICA (PNAE)";"Sem informação";"Administração Pública Municipal";"PB";"SERRARIA";"R$ 4.984,00";
"04/2017";"Legais, Voluntárias e Específicas";"00PI - APOIO A ALIMENTACAO ESCOLAR NA EDUCACAO BASICA (PNAE)";"Sem informação";"Administração Pública Municipal";"PB";"SERRARIA";"R$ 4.984,00";
"03/2017";"Legais, Voluntárias e Específicas";"00PI - APOIO A ALIMENTACAO ESCOLAR NA EDUCACAO BASICA (PNAE)";"Sem informação";"Administração Pública Municipal";"PB";"SÃO JOSÉ DE ESPINHARAS";"R$ 5.117,12";
"04/2017";"Legais, Voluntárias e Específicas";"00PI - APOIO A ALIMENTACAO ESCOLAR NA EDUCACAO BASICA (PNAE)";"Sem informação";"Administração Pública Municipal";"PB";"MATO GROSSO";"R$ 5.141,20";
"04/2017";"Legais, Voluntárias e Específicas";"00PI - APOIO A ALIMENTACAO ESCOLAR NA EDUCACAO BASICA (PNAE)";"Sem informação";"Administração Pública Municipal";"PB";"CURRAL VELHO";"R$ 5.146,80";
"03/2017";"Legais, Voluntárias e Específicas";"00PI - APOIO A ALIMENTACAO ESCOLAR NA EDUCACAO BASICA (PNAE)";"Sem informação";"Administração Pública Municipal";"PB";"CURRAL VELHO";"R$ 5.146,80";
"03/2017";"Legais, Voluntárias e Específicas";"00PI - APOIO A ALIMENTACAO ESCOLAR NA EDUCACAO BASICA (PNAE)";"Sem informação";"Administração Pública Municipal";"PB";"BOM SUCESSO";"R$ 5.222,40";
"04/2017";"Legais, Voluntárias e Específicas";"00PI - APOIO A ALIMENTACAO ESCOLAR NA EDUCACAO BASICA (PNAE)";"Sem informação";"Administração Pública Municipal";"PB";"BOM SUCESSO";"R$ 5.222,40";
"03/2017";"Legais, Voluntárias e Específicas";"00PI - APOIO A ALIMENTACAO ESCOLAR NA EDUCACAO BASICA (PNAE)";"Sem informação";"Administração Pública Municipal";"PB";"LAGOA";"R$ 5.384,80";
"03/2017";"Legais, Voluntárias e Específicas";"00PI - APOIO A ALIMENTACAO ESCOLAR NA EDUCACAO BASICA (PNAE)";"Sem informação";"Administração Pública Municipal";"PB";"SÃO SEBASTIÃO DE LAGOA DE ROÇA";"R$ 5.396,80";
"04/2017";"Legais, Voluntárias e Específicas";"00PI - APOIO A ALIMENTACAO ESCOLAR NA EDUCACAO BASICA (PNAE)";"Sem informação";"Administração Pública Municipal";"PB";"FREI MARTINHO";"R$ 5.413,20";
"03/2017";"Legais, Voluntárias e Específicas";"00PI - APOIO A ALIMENTACAO ESCOLAR NA EDUCACAO BASICA (PNAE)";"Sem informação";"Administração Pública Municipal";"PB";"EMAS";"R$ 5.419,00";
"03/2017";"Legais, Voluntárias e Específicas";"00PI - APOIO A ALIMENTACAO ESCOLAR NA EDUCACAO BASICA (PNAE)";"Sem informação";"Administração Pública Municipal";"PB";"SÃO DOMINGOS";"R$ 5.449,00";
"03/2017";"Legais, Voluntárias e Específicas";"00PI - APOIO A ALIMENTACAO ESCOLAR NA EDUCACAO BASICA (PNAE)";"Sem informação";"Administração Pública Municipal";"PB";"BOM JESUS";"R$ 5.578,40";
"04/2017";"Legais, Voluntárias e Específicas";"00PI - APOIO A ALIMENTACAO ESCOLAR NA EDUCACAO BASICA (PNAE)";"Sem informação";"Administração Pública Municipal";"PB";"SALGADINHO";"R$ 5.654,80";
"03/2017";"Legais, Voluntárias e Específicas";"00PI - APOIO A ALIMENTACAO ESCOLAR NA EDUCACAO BASICA (PNAE)";"Sem informação";"Administração Pública Municipal";"PB";"SALGADINHO";"R$ 5.654,80";
"03/2017";"Legais, Voluntárias e Específicas";"00PI - APOIO A ALIMENTACAO ESCOLAR NA EDUCACAO BASICA (PNAE)";"Sem informação";"Administração Pública Municipal";"PB";"VIEIRÓPOLIS";"R$ 5.702,40";
"04/2017";"Legais, Voluntárias e Específicas";"00PI - APOIO A ALIMENTACAO ESCOLAR NA EDUCACAO BASICA (PNAE)";"Sem informação";"Administração Pública Municipal";"PB";"VIEIRÓPOLIS";"R$ 5.702,40";
"03/2017";"Legais, Voluntárias e Específicas";"00PI - APOIO A ALIMENTACAO ESCOLAR NA EDUCACAO BASICA (PNAE)";"Sem informação";"Administração Pública Municipal";"PB";"PRATA";"R$ 5.751,40";
"04/2017";"Legais, Voluntárias e Específicas";"00PI - APOIO A ALIMENTACAO ESCOLAR NA EDUCACAO BASICA (PNAE)";"Sem informação";"Administração Pública Municipal";"PB";"SOSSÊGO";"R$ 5.795,40";
"03/2017";"Legais, Voluntárias e Específicas";"00PI - APOIO A ALIMENTACAO ESCOLAR NA EDUCACAO BASICA (PNAE)";"Sem informação";"Administração Pública Municipal";"PB";"SOSSÊGO";"R$ 5.795,40";
"03/2017";"Legais, Voluntárias e Específicas";"00PI - APOIO A ALIMENTACAO ESCOLAR NA EDUCACAO BASICA (PNAE)";"Sem informação";"Administração Pública Municipal";"PB";"MÃE D'ÁGUA";"R$ 5.850,00";
"04/2017";"Legais, Voluntárias e Específicas";"00PI - APOIO A ALIMENTACAO ESCOLAR NA EDUCACAO BASICA (PNAE)";"Sem informação";"Administração Pública Municipal";"PB";"MÃE D'ÁGUA";"R$ 5.850,00";
"03/2017";"Legais, Voluntárias e Específicas";"00PI - APOIO A ALIMENTACAO ESCOLAR NA EDUCACAO BASICA (PNAE)";"Sem informação";"Administração Pública Municipal";"PB";"SÃO FRANCISCO";"R$ 5.941,20";
"03/2017";"Legais, Voluntárias e Específicas";"00PI - APOIO A ALIMENTACAO ESCOLAR NA EDUCACAO BASICA (PNAE)";"Sem informação";"Administração Pública Municipal";"PB";"ALGODÃO DE JANDAÍRA";"R$ 6.111,80";
"04/2017";"Legais, Voluntárias e Específicas";"00PI - APOIO A ALIMENTACAO ESCOLAR NA EDUCACAO BASICA (PNAE)";"Sem informação";"Administração Pública Municipal";"PB";"NOVA PALMEIRA";"R$ 6.118,40";
"03/2017";"Legais, Voluntárias e Específicas";"00PI - APOIO A ALIMENTACAO ESCOLAR NA EDUCACAO BASICA (PNAE)";"Sem informação";"Administração Pública Municipal";"PB";"NOVA PALMEIRA";"R$ 6.118,40";
"04/2017";"Legais, Voluntárias e Específicas";"00PI - APOIO A ALIMENTACAO ESCOLAR NA EDUCACAO BASICA (PNAE)";"Sem informação";"Administração Pública Municipal";"PB";"SANTO ANDRÉ";"R$ 6.132,20";
"04/2017";"Legais, Voluntárias e Específicas";"00PI - APOIO A ALIMENTACAO ESCOLAR NA EDUCACAO BASICA (PNAE)";"Sem informação";"Administração Pública Municipal";"PB";"GURJÃO";"R$ 6.169,00";
"03/2017";"Legais, Voluntárias e Específicas";"00PI - APOIO A ALIMENTACAO ESCOLAR NA EDUCACAO BASICA (PNAE)";"Sem informação";"Administração Pública Municipal";"PB";"GURJÃO";"R$ 6.169,00";
"03/2017";"Legais, Voluntárias e Específicas";"00PI - APOIO A ALIMENTACAO ESCOLAR NA EDUCACAO BASICA (PNAE)";"Sem informação";"Administração Pública Municipal";"PB";"JUNCO DO SERIDÓ";"R$ 6.174,20";
"04/2017";"Legais, Voluntárias e Específicas";"00PI - APOIO A ALIMENTACAO ESCOLAR NA EDUCACAO BASICA (PNAE)";"Sem informação";"Administração Pública Municipal";"PB";"DIAMANTE";"R$ 6.228,40";
"04/2017";"Legais, Voluntárias e Específicas";"00PI - APOIO A ALIMENTACAO ESCOLAR NA EDUCACAO BASICA (PNAE)";"Sem informação";"Administração Pública Municipal";"PB";"SANTA TERESINHA";"R$ 6.340,00";
"03/2017";"Legais, Voluntárias e Específicas";"00PI - APOIO A ALIMENTACAO ESCOLAR NA EDUCACAO BASICA (PNAE)";"Sem informação";"Administração Pública Municipal";"PB";"SANTA TERESINHA";"R$ 6.340,00";
"03/2017";"Legais, Voluntárias e Específicas";"00PI - APOIO A ALIMENTACAO ESCOLAR NA EDUCACAO BASICA (PNAE)";"Sem informação";"Administração Pública Municipal";"PB";"PEDRA BRANCA";"R$ 6.403,40";
"04/2017";"Legais, Voluntárias e Específicas";"00PI - APOIO A ALIMENTACAO ESCOLAR NA EDUCACAO BASICA (PNAE)";"Sem informação";"Administração Pública Municipal";"PB";"SÃO JOSÉ DE PRINCESA";"R$ 6.571,80";
"03/2017";"Legais, Voluntárias e Específicas";"00PI - APOIO A ALIMENTACAO ESCOLAR NA EDUCACAO BASICA (PNAE)";"Sem informação";"Administração Pública Municipal";"PB";"SERRA GRANDE";"R$ 6.622,00";
"04/2017";"Legais, Voluntárias e Específicas";"00PI - APOIO A ALIMENTACAO ESCOLAR NA EDUCACAO BASICA (PNAE)";"Sem informação";"Administração Pública Municipal";"PB";"JUNCO DO SERIDÓ";"R$ 6.633,20";
"04/2017";"Legais, Voluntárias e Específicas";"00PI - APOIO A ALIMENTACAO ESCOLAR NA EDUCACAO BASICA (PNAE)";"Sem informação";"Administração Pública Municipal";"PB";"POÇO DE JOSÉ DE MOURA";"R$ 6.702,40";
"04/2017";"Legais, Voluntárias e Específicas";"00PI - APOIO A ALIMENTACAO ESCOLAR NA EDUCACAO BASICA (PNAE)";"Sem informação";"Administração Pública Municipal";"PB";"MASSARANDUBA";"R$ 6.716,60";
"03/2017";"Legais, Voluntárias e Específicas";"00PI - APOIO A ALIMENTACAO ESCOLAR NA EDUCACAO BASICA (PNAE)";"Sem informação";"Administração Pública Municipal";"PB";"SERRA REDONDA";"R$ 6.765,80";
"04/2017";"Legais, Voluntárias e Específicas";"00PI - APOIO A ALIMENTACAO ESCOLAR NA EDUCACAO BASICA (PNAE)";"Sem informação";"Administração Pública Municipal";"PB";"SERRA REDONDA";"R$ 6.765,80";
"03/2017";"Legais, Voluntárias e Específicas";"00PI - APOIO A ALIMENTACAO ESCOLAR NA EDUCACAO BASICA (PNAE)";"Sem informação";"Administração Pública Municipal";"PB";"TENÓRIO";"R$ 6.770,20";
"03/2017";"Legais, Voluntárias e Específicas";"00PI - APOIO A ALIMENTACAO ESCOLAR NA EDUCACAO BASICA (PNAE)";"Sem informação";"Administração Pública Municipal";"PB";"OLIVEDOS";"R$ 6.823,60";
"03/2017";"Legais, Voluntárias e Específicas";"00PI - APOIO A ALIMENTACAO ESCOLAR NA EDUCACAO BASICA (PNAE)";"Sem informação";"Administração Pública Municipal";"PB";"SANTA CRUZ";"R$ 6.837,80";
"03/2017";"Legais, Voluntárias e Específicas";"00PI - APOIO A ALIMENTACAO ESCOLAR NA EDUCACAO BASICA (PNAE)";"Sem informação";"Administração Pública Municipal";"PB";"DUAS ESTRADAS";"R$ 6.875,40";
"03/2017";"Legais, Voluntárias e Específicas";"00PI - APOIO A ALIMENTACAO ESCOLAR NA EDUCACAO BASICA (PNAE)";"Sem informação";"Administração Pública Municipal";"PB";"MATINHAS";"R$ 6.937,40";
"03/2017";"Legais, Voluntárias e Específicas";"00PI - APOIO A ALIMENTACAO ESCOLAR NA EDUCACAO BASICA (PNAE)";"Sem informação";"Administração Pública Municipal";"PB";"CATURITÉ";"R$ 6.939,00";
"04/2017";"Legais, Voluntárias e Específicas";"00PI - APOIO A ALIMENTACAO ESCOLAR NA EDUCACAO BASICA (PNAE)";"Sem informação";"Administração Pública Municipal";"PB";"CATURITÉ";"R$ 6.939,00";
"04/2017";"Legais, Voluntárias e Específicas";"00PI - APOIO A ALIMENTACAO ESCOLAR NA EDUCACAO BASICA (PNAE)";"Sem informação";"Administração Pública Municipal";"PB";"SÃO BENTINHO";"R$ 6.945,00";
"03/2017";"Legais, Voluntárias e Específicas";"00PI - APOIO A ALIMENTACAO ESCOLAR NA EDUCACAO BASICA (PNAE)";"Sem informação";"Administração Pública Municipal";"PB";"SÃO BENTINHO";"R$ 6.945,00";
"03/2017";"Legais, Voluntárias e Específicas";"00PI - APOIO A ALIMENTACAO ESCOLAR NA EDUCACAO BASICA (PNAE)";"Sem informação";"Administração Pública Municipal";"PB";"CARAÚBAS";"R$ 7.008,40";
"04/2017";"Legais, Voluntárias e Específicas";"00PI - APOIO A ALIMENTACAO ESCOLAR NA EDUCACAO BASICA (PNAE)";"Sem informação";"Administração Pública Municipal";"PB";"CARAÚBAS";"R$ 7.008,40";
"04/2017";"Legais, Voluntárias e Específicas";"00PI - APOIO A ALIMENTACAO ESCOLAR NA EDUCACAO BASICA (PNAE)";"Sem informação";"Administração Pública Municipal";"PB";"CAJAZEIRINHAS";"R$ 7.071,00";
"03/2017";"Legais, Voluntárias e Específicas";"00PI - APOIO A ALIMENTACAO ESCOLAR NA EDUCACAO BASICA (PNAE)";"Sem informação";"Administração Pública Municipal";"PB";"CAJAZEIRINHAS";"R$ 7.071,00";
"03/2017";"Legais, Voluntárias e Específicas";"00PI - APOIO A ALIMENTACAO ESCOLAR NA EDUCACAO BASICA (PNAE)";"Sem informação";"Administração Pública Municipal";"PB";"SÃO JOSÉ DO BONFIM";"R$ 7.117,80";
"04/2017";"Legais, Voluntárias e Específicas";"00PI - APOIO A ALIMENTACAO ESCOLAR NA EDUCACAO BASICA (PNAE)";"Sem informação";"Administração Pública Municipal";"PB";"SÃO JOSÉ DO BONFIM";"R$ 7.117,80";
"04/2017";"Legais, Voluntárias e Específicas";"00PI - APOIO A ALIMENTACAO ESCOLAR NA EDUCACAO BASICA (PNAE)";"Sem informação";"Administração Pública Municipal";"PB";"PILÕEZINHOS";"R$ 7.192,40";
"03/2017";"Legais, Voluntárias e Específicas";"00PI - APOIO A ALIMENTACAO ESCOLAR NA EDUCACAO BASICA (PNAE)";"Sem informação";"Administração Pública Municipal";"PB";"PILÕEZINHOS";"R$ 7.192,40";
"03/2017";"Legais, Voluntárias e Específicas";"00PI - APOIO A ALIMENTACAO ESCOLAR NA EDUCACAO BASICA (PNAE)";"Sem informação";"Administração Pública Municipal";"PB";"RIACHÃO";"R$ 7.214,20";
"04/2017";"Legais, Voluntárias e Específicas";"00PI - APOIO A ALIMENTACAO ESCOLAR NA EDUCACAO BASICA (PNAE)";"Sem informação";"Administração Pública Municipal";"PB";"SÃO DOMINGOS";"R$ 7.252,40";
"03/2017";"Legais, Voluntárias e Específicas";"00PI - APOIO A ALIMENTACAO ESCOLAR NA EDUCACAO BASICA (PNAE)";"Sem informação";"Administração Pública Municipal";"PB";"CABACEIRAS";"R$ 7.310,00";
"03/2017";"Legais, Voluntárias e Específicas";"00PI - APOIO A ALIMENTACAO ESCOLAR NA EDUCACAO BASICA (PNAE)";"Sem informação";"Administração Pública Municipal";"PB";"SANTANA DE MANGUEIRA";"R$ 7.493,60";
"04/2017";"Legais, Voluntárias e Específicas";"00PI - APOIO A ALIMENTACAO ESCOLAR NA EDUCACAO BASICA (PNAE)";"Sem informação";"Administração Pública Municipal";"PB";"SÃO SEBASTIÃO DO UMBUZEIRO";"R$ 7.663,00";
"04/2017";"Legais, Voluntárias e Específicas";"00PI - APOIO A ALIMENTACAO ESCOLAR NA EDUCACAO BASICA (PNAE)";"Sem informação";"Administração Pública Municipal";"PB";"CARRAPATEIRA";"R$ 7.669,00";
"03/2017";"Legais, Voluntárias e Específicas";"00PI - APOIO A ALIMENTACAO ESCOLAR NA EDUCACAO BASICA (PNAE)";"Sem informação";"Administração Pública Municipal";"PB";"SÃO JOÃO DO CARIRI";"R$ 7.734,00";
"04/2017";"Legais, Voluntárias e Específicas";"00PI - APOIO A ALIMENTACAO ESCOLAR NA EDUCACAO BASICA (PNAE)";"Sem informação";"Administração Pública Municipal";"PB";"SÃO JOÃO DO CARIRI";"R$ 7.734,00";
"03/2017";"Legais, Voluntárias e Específicas";"00PI - APOIO A ALIMENTACAO ESCOLAR NA EDUCACAO BASICA (PNAE)";"Sem informação";"Administração Pública Municipal";"PB";"LOGRADOURO";"R$ 7.867,20";
"03/2017";"Legais, Voluntárias e Específicas";"00PI - APOIO A ALIMENTACAO ESCOLAR NA EDUCACAO BASICA (PNAE)";"Sem informação";"Administração Pública Municipal";"PB";"PASSAGEM";"R$ 7.951,20";
"04/2017";"Legais, Voluntárias e Específicas";"00PI - APOIO A ALIMENTACAO ESCOLAR NA EDUCACAO BASICA (PNAE)";"Sem informação";"Administração Pública Municipal";"PB";"ITAPOROROCA";"R$ 8.008,80";
"03/2017";"Legais, Voluntárias e Específicas";"00PI - APOIO A ALIMENTACAO ESCOLAR NA EDUCACAO BASICA (PNAE)";"Sem informação";"Administração Pública Municipal";"PB";"SÃO JOSÉ DO SABUGI";"R$ 8.033,20";
"03/2017";"Legais, Voluntárias e Específicas";"00PI - APOIO A ALIMENTACAO ESCOLAR NA EDUCACAO BASICA (PNAE)";"Sem informação";"Administração Pública Municipal";"PB";"DIAMANTE";"R$ 8.070,80";
"03/2017";"Legais, Voluntárias e Específicas";"00PI - APOIO A ALIMENTACAO ESCOLAR NA EDUCACAO BASICA (PNAE)";"Sem informação";"Administração Pública Municipal";"PB";"JOCA CLAUDINO";"R$ 8.112,80";
"04/2017";"Legais, Voluntárias e Específicas";"00PI - APOIO A ALIMENTACAO ESCOLAR NA EDUCACAO BASICA (PNAE)";"Sem informação";"Administração Pública Municipal";"PB";"JOCA CLAUDINO";"R$ 8.112,80";
"03/2017";"Legais, Voluntárias e Específicas";"00PI - APOIO A ALIMENTACAO ESCOLAR NA EDUCACAO BASICA (PNAE)";"Sem informação";"Administração Pública Municipal";"PB";"IBIARA";"R$ 8.222,80";
"04/2017";"Legais, Voluntárias e Específicas";"00PI - APOIO A ALIMENTACAO ESCOLAR NA EDUCACAO BASICA (PNAE)";"Sem informação";"Administração Pública Municipal";"PB";"IBIARA";"R$ 8.222,80";
"04/2017";"Legais, Voluntárias e Específicas";"00PI - APOIO A ALIMENTACAO ESCOLAR NA EDUCACAO BASICA (PNAE)";"Sem informação";"Administração Pública Municipal";"PB";"BORBOREMA";"R$ 8.310,60";
"03/2017";"Legais, Voluntárias e Específicas";"00PI - APOIO A ALIMENTACAO ESCOLAR NA EDUCACAO BASICA (PNAE)";"Sem informação";"Administração Pública Municipal";"PB";"BORBOREMA";"R$ 8.310,60";
"04/2017";"Legais, Voluntárias e Específicas";"00PI - APOIO A ALIMENTACAO ESCOLAR NA EDUCACAO BASICA (PNAE)";"Sem informação";"Administração Pública Municipal";"PB";"PEDRO RÉGIS";"R$ 8.323,20";
"03/2017";"Legais, Voluntárias e Específicas";"00PI - APOIO A ALIMENTACAO ESCOLAR NA EDUCACAO BASICA (PNAE)";"Sem informação";"Administração Pública Municipal";"PB";"PEDRO RÉGIS";"R$ 8.323,20";
"04/2017";"Legais, Voluntárias e Específicas";"00PI - APOIO A ALIMENTACAO ESCOLAR NA EDUCACAO BASICA (PNAE)";"Sem informação";"Administração Pública Municipal";"PB";"SANTA LUZIA";"R$ 8.356,20";
"03/2017";"Legais, Voluntárias e Específicas";"00PI - APOIO A ALIMENTACAO ESCOLAR NA EDUCACAO BASICA (PNAE)";"Sem informação";"Administração Pública Municipal";"PB";"SANTA LUZIA";"R$ 8.356,20";
"03/2017";"Legais, Voluntárias e Específicas";"00PI - APOIO A ALIMENTACAO ESCOLAR NA EDUCACAO BASICA (PNAE)";"Sem informação";"Administração Pública Municipal";"PB";"RIACHÃO DO BACAMARTE";"R$ 8.421,00";
"04/2017";"Legais, Voluntárias e Específicas";"00PI - APOIO A ALIMENTACAO ESCOLAR NA EDUCACAO BASICA (PNAE)";"Sem informação";"Administração Pública Municipal";"PB";"IGARACY";"R$ 8.508,80";
"03/2017";"Legais, Voluntárias e Específicas";"00PI - APOIO A ALIMENTACAO ESCOLAR NA EDUCACAO BASICA (PNAE)";"Sem informação";"Administração Pública Municipal";"PB";"IGARACY";"R$ 8.508,80";
"04/2017";"Legais, Voluntárias e Específicas";"00PI - APOIO A ALIMENTACAO ESCOLAR NA EDUCACAO BASICA (PNAE)";"Sem informação";"Administração Pública Municipal";"PB";"PEDRA BRANCA";"R$ 8.618,60";
"04/2017";"Legais, Voluntárias e Específicas";"00PI - APOIO A ALIMENTACAO ESCOLAR NA EDUCACAO BASICA (PNAE)";"Sem informação";"Administração Pública Municipal";"PB";"BREJO DOS SANTOS";"R$ 8.664,00";
"03/2017";"Legais, Voluntárias e Específicas";"00PI - APOIO A ALIMENTACAO ESCOLAR NA EDUCACAO BASICA (PNAE)";"Sem informação";"Administração Pública Municipal";"PB";"BREJO DOS SANTOS";"R$ 8.664,00";
"03/2017";"Legais, Voluntárias e Específicas";"00PI - APOIO A ALIMENTACAO ESCOLAR NA EDUCACAO BASICA (PNAE)";"Sem informação";"Administração Pública Municipal";"PB";"MALTA";"R$ 8.692,20";
"04/2017";"Legais, Voluntárias e Específicas";"00PI - APOIO A ALIMENTACAO ESCOLAR NA EDUCACAO BASICA (PNAE)";"Sem informação";"Administração Pública Municipal";"PB";"AGUIAR";"R$ 8.695,80";
"03/2017";"Legais, Voluntárias e Específicas";"00PI - APOIO A ALIMENTACAO ESCOLAR NA EDUCACAO BASICA (PNAE)";"Sem informação";"Administração Pública Municipal";"PB";"AGUIAR";"R$ 8.695,80";
"03/2017";"Legais, Voluntárias e Específicas";"00PI - APOIO A ALIMENTACAO ESCOLAR NA EDUCACAO BASICA (PNAE)";"Sem informação";"Administração Pública Municipal";"PB";"SERTÃOZINHO";"R$ 8.720,00";
"03/2017";"Legais, Voluntárias e Específicas";"00PI - APOIO A ALIMENTACAO ESCOLAR NA EDUCACAO BASICA (PNAE)";"Sem informação";"Administração Pública Municipal";"PB";"ALCANTIL";"R$ 8.906,80";
"04/2017";"Legais, Voluntárias e Específicas";"00PI - APOIO A ALIMENTACAO ESCOLAR NA EDUCACAO BASICA (PNAE)";"Sem informação";"Administração Pública Municipal";"PB";"ALCANTIL";"R$ 8.906,80";
"03/2017";"Legais, Voluntárias e Específicas";"00PI - APOIO A ALIMENTACAO ESCOLAR NA EDUCACAO BASICA (PNAE)";"Sem informação";"Administração Pública Municipal";"PB";"DESTERRO";"R$ 9.022,60";
"04/2017";"Legais, Voluntárias e Específicas";"00PI - APOIO A ALIMENTACAO ESCOLAR NA EDUCACAO BASICA (PNAE)";"Sem informação";"Administração Pública Municipal";"PB";"DESTERRO";"R$ 9.022,60";
"03/2017";"Legais, Voluntárias e Específicas";"00PI - APOIO A ALIMENTACAO ESCOLAR NA EDUCACAO BASICA (PNAE)";"Sem informação";"Administração Pública Municipal";"PB";"NAZAREZINHO";"R$ 9.050,60";
"03/2017";"Legais, Voluntárias e Específicas";"00PI - APOIO A ALIMENTACAO ESCOLAR NA EDUCACAO BASICA (PNAE)";"Sem informação";"Administração Pública Municipal";"PB";"BOA VENTURA";"R$ 9.065,00";
"03/2017";"Legais, Voluntárias e Específicas";"00PI - APOIO A ALIMENTACAO ESCOLAR NA EDUCACAO BASICA (PNAE)";"Sem informação";"Administração Pública Municipal";"PB";"CONGO";"R$ 9.177,60";
"04/2017";"Legais, Voluntárias e Específicas";"00PI - APOIO A ALIMENTACAO ESCOLAR NA EDUCACAO BASICA (PNAE)";"Sem informação";"Administração Pública Municipal";"PB";"PASSAGEM";"R$ 9.229,20";
"04/2017";"Legais, Voluntárias e Específicas";"00PI - APOIO A ALIMENTACAO ESCOLAR NA EDUCACAO BASICA (PNAE)";"Sem informação";"Administração Pública Municipal";"PB";"CONDADO";"R$ 9.252,60";
"03/2017";"Legais, Voluntárias e Específicas";"00PI - APOIO A ALIMENTACAO ESCOLAR NA EDUCACAO BASICA (PNAE)";"Sem informação";"Administração Pública Municipal";"PB";"CONDADO";"R$ 9.252,60";
"03/2017";"Legais, Voluntárias e Específicas";"00PI - APOIO A ALIMENTACAO ESCOLAR NA EDUCACAO BASICA (PNAE)";"Sem informação";"Administração Pública Municipal";"PB";"SANTANA DOS GARROTES";"R$ 9.340,80";
"04/2017";"Legais, Voluntárias e Específicas";"00PI - APOIO A ALIMENTACAO ESCOLAR NA EDUCACAO BASICA (PNAE)";"Sem informação";"Administração Pública Municipal";"PB";"BARAÚNA";"R$ 9.421,20";
"03/2017";"Legais, Voluntárias e Específicas";"00PI - APOIO A ALIMENTACAO ESCOLAR NA EDUCACAO BASICA (PNAE)";"Sem informação";"Administração Pública Municipal";"PB";"BARAÚNA";"R$ 9.421,20";
"03/2017";"Legais, Voluntárias e Específicas";"00PI - APOIO A ALIMENTACAO ESCOLAR NA EDUCACAO BASICA (PNAE)";"Sem informação";"Administração Pública Municipal";"PB";"MARI";"R$ 9.460,40";
"04/2017";"Legais, Voluntárias e Específicas";"00PI - APOIO A ALIMENTACAO ESCOLAR NA EDUCACAO BASICA (PNAE)";"Sem informação";"Administração Pública Municipal";"PB";"SERRA DA RAIZ";"R$ 9.504,20";
"03/2017";"Legais, Voluntárias e Específicas";"00PI - APOIO A ALIMENTACAO ESCOLAR NA EDUCACAO BASICA (PNAE)";"Sem informação";"Administração Pública Municipal";"PB";"SERRA DA RAIZ";"R$ 9.504,20";
"04/2017";"Legais, Voluntárias e Específicas";"00PI - APOIO A ALIMENTACAO ESCOLAR NA EDUCACAO BASICA (PNAE)";"Sem informação";"Administração Pública Municipal";"PB";"SANTA INÊS";"R$ 9.523,80";
"04/2017";"Legais, Voluntárias e Específicas";"00PI - APOIO A ALIMENTACAO ESCOLAR NA EDUCACAO BASICA (PNAE)";"Sem informação";"Administração Pública Municipal";"PB";"OLIVEDOS";"R$ 9.550,00";
"03/2017";"Legais, Voluntárias e Específicas";"00PI - APOIO A ALIMENTACAO ESCOLAR NA EDUCACAO BASICA (PNAE)";"Sem informação";"Administração Pública Municipal";"PB";"ASSUNÇÃO";"R$ 9.607,40";
"04/2017";"Legais, Voluntárias e Específicas";"00PI - APOIO A ALIMENTACAO ESCOLAR NA EDUCACAO BASICA (PNAE)";"Sem informação";"Administração Pública Municipal";"PB";"TENÓRIO";"R$ 9.610,20";
"04/2017";"Legais, Voluntárias e Específicas";"00PI - APOIO A ALIMENTACAO ESCOLAR NA EDUCACAO BASICA (PNAE)";"Sem informação";"Administração Pública Municipal";"PB";"MULUNGU";"R$ 9.649,80";
"03/2017";"Legais, Voluntárias e Específicas";"00PI - APOIO A ALIMENTACAO ESCOLAR NA EDUCACAO BASICA (PNAE)";"Sem informação";"Administração Pública Municipal";"PB";"MULUNGU";"R$ 9.649,80";
"03/2017";"Legais, Voluntárias e Específicas";"00PI - APOIO A ALIMENTACAO ESCOLAR NA EDUCACAO BASICA (PNAE)";"Sem informação";"Administração Pública Municipal";"PB";"RIACHÃO DO POÇO";"R$ 9.683,60";
"04/2017";"Legais, Voluntárias e Específicas";"00PI - APOIO A ALIMENTACAO ESCOLAR NA EDUCACAO BASICA (PNAE)";"Sem informação";"Administração Pública Municipal";"PB";"SÃO JOSÉ DE CAIANA";"R$ 9.708,80";
"03/2017";"Legais, Voluntárias e Específicas";"00PI - APOIO A ALIMENTACAO ESCOLAR NA EDUCACAO BASICA (PNAE)";"Sem informação";"Administração Pública Municipal";"PB";"SÃO JOSÉ DE CAIANA";"R$ 9.708,80";
"03/2017";"Legais, Voluntárias e Específicas";"00PI - APOIO A ALIMENTACAO ESCOLAR NA EDUCACAO BASICA (PNAE)";"Sem informação";"Administração Pública Municipal";"PB";"ITAPORANGA";"R$ 9.860,60";
"04/2017";"Legais, Voluntárias e Específicas";"00PI - APOIO A ALIMENTACAO ESCOLAR NA EDUCACAO BASICA (PNAE)";"Sem informação";"Administração Pública Municipal";"PB";"SÃO FRANCISCO";"R$ 9.874,60";
"04/2017";"Legais, Voluntárias e Específicas";"00PI - APOIO A ALIMENTACAO ESCOLAR NA EDUCACAO BASICA (PNAE)";"Sem informação";"Administração Pública Municipal";"PB";"BOM JESUS";"R$ 9.895,20";
"03/2017";"Legais, Voluntárias e Específicas";"00PI - APOIO A ALIMENTACAO ESCOLAR NA EDUCACAO BASICA (PNAE)";"Sem informação";"Administração Pública Municipal";"PB";"APARECIDA";"R$ 9.963,20";
"03/2017";"Legais, Voluntárias e Específicas";"00PI - APOIO A ALIMENTACAO ESCOLAR NA EDUCACAO BASICA (PNAE)";"Sem informação";"Administração Pública Municipal";"PB";"MONTADAS";"R$ 9.965,80";
"04/2017";"Legais, Voluntárias e Específicas";"00PI - APOIO A ALIMENTACAO ESCOLAR NA EDUCACAO BASICA (PNAE)";"Sem informação";"Administração Pública Municipal";"PB";"SÃO JOSÉ DE ESPINHARAS";"R$ 10.087,12";
"04/2017";"Legais, Voluntárias e Específicas";"00PI - APOIO A ALIMENTACAO ESCOLAR NA EDUCACAO BASICA (PNAE)";"Sem informação";"Administração Pública Municipal";"PB";"MATINHAS";"R$ 10.288,60";
"04/2017";"Legais, Voluntárias e Específicas";"00PI - APOIO A ALIMENTACAO ESCOLAR NA EDUCACAO BASICA (PNAE)";"Sem informação";"Administração Pública Municipal";"PB";"BOA VENTURA";"R$ 10.343,00";
"04/2017";"Legais, Voluntárias e Específicas";"00PI - APOIO A ALIMENTACAO ESCOLAR NA EDUCACAO BASICA (PNAE)";"Sem informação";"Administração Pública Municipal";"PB";"ITABAIANA";"R$ 10.458,40";
"03/2017";"Legais, Voluntárias e Específicas";"00PI - APOIO A ALIMENTACAO ESCOLAR NA EDUCACAO BASICA (PNAE)";"Sem informação";"Administração Pública Municipal";"PB";"ITABAIANA";"R$ 10.458,40";
"03/2017";"Legais, Voluntárias e Específicas";"00PI - APOIO A ALIMENTACAO ESCOLAR NA EDUCACAO BASICA (PNAE)";"Sem informação";"Administração Pública Municipal";"PB";"SÃO JOSÉ DA LAGOA TAPADA";"R$ 10.570,80";
"04/2017";"Legais, Voluntárias e Específicas";"00PI - APOIO A ALIMENTACAO ESCOLAR NA EDUCACAO BASICA (PNAE)";"Sem informação";"Administração Pública Municipal";"PB";"SÃO JOSÉ DA LAGOA TAPADA";"R$ 10.570,80";
"04/2017";"Legais, Voluntárias e Específicas";"00PI - APOIO A ALIMENTACAO ESCOLAR NA EDUCACAO BASICA (PNAE)";"Sem informação";"Administração Pública Municipal";"PB";"CONGO";"R$ 10.597,60";
"04/2017";"Legais, Voluntárias e Específicas";"00PI - APOIO A ALIMENTACAO ESCOLAR NA EDUCACAO BASICA (PNAE)";"Sem informação";"Administração Pública Municipal";"PB";"SANTA CRUZ";"R$ 10.600,80";
"04/2017";"Legais, Voluntárias e Específicas";"00PI - APOIO A ALIMENTACAO ESCOLAR NA EDUCACAO BASICA (PNAE)";"Sem informação";"Administração Pública Municipal";"PB";"SÃO JOSÉ DOS RAMOS";"R$ 10.687,60";
"03/2017";"Legais, Voluntárias e Específicas";"00PI - APOIO A ALIMENTACAO ESCOLAR NA EDUCACAO BASICA (PNAE)";"Sem informação";"Administração Pública Municipal";"PB";"SÃO JOSÉ DOS RAMOS";"R$ 10.687,60";
"04/2017";"Legais, Voluntárias e Específicas";"00PI - APOIO A ALIMENTACAO ESCOLAR NA EDUCACAO BASICA (PNAE)";"Sem informação";"Administração Pública Municipal";"PB";"NOVA OLINDA";"R$ 10.819,60";
"03/2017";"Legais, Voluntárias e Específicas";"00PI - APOIO A ALIMENTACAO ESCOLAR NA EDUCACAO BASICA (PNAE)";"Sem informação";"Administração Pública Municipal";"PB";"NOVA OLINDA";"R$ 10.819,60";
"03/2017";"Legais, Voluntárias e Específicas";"00PI - APOIO A ALIMENTACAO ESCOLAR NA EDUCACAO BASICA (PNAE)";"Sem informação";"Administração Pública Municipal";"PB";"TRIUNFO";"R$ 10.882,60";
"04/2017";"Legais, Voluntárias e Específicas";"00PI - APOIO A ALIMENTACAO ESCOLAR NA EDUCACAO BASICA (PNAE)";"Sem informação";"Administração Pública Municipal";"PB";"TRIUNFO";"R$ 10.882,60";
"04/2017";"Legais, Voluntárias e Específicas";"00PI - APOIO A ALIMENTACAO ESCOLAR NA EDUCACAO BASICA (PNAE)";"Sem informação";"Administração Pública Municipal";"PB";"BREJO DO CRUZ";"R$ 10.934,00";
"04/2017";"Legais, Voluntárias e Específicas";"00PI - APOIO A ALIMENTACAO ESCOLAR NA EDUCACAO BASICA (PNAE)";"Sem informação";"Administração Pública Municipal";"PB";"SÃO JOSÉ DO SABUGI";"R$ 11.015,20";
"04/2017";"Legais, Voluntárias e Específicas";"00PI - APOIO A ALIMENTACAO ESCOLAR NA EDUCACAO BASICA (PNAE)";"Sem informação";"Administração Pública Municipal";"PB";"DUAS ESTRADAS";"R$ 11.021,80";
"03/2017";"Legais, Voluntárias e Específicas";"00PI - APOIO A ALIMENTACAO ESCOLAR NA EDUCACAO BASICA (PNAE)";"Sem informação";"Administração Pública Municipal";"PB";"SANTA HELENA";"R$ 11.190,80";
"03/2017";"Legais, Voluntárias e Específicas";"00PI - APOIO A ALIMENTACAO ESCOLAR NA EDUCACAO BASICA (PNAE)";"Sem informação";"Administração Pública Municipal";"PB";"SÃO MIGUEL DE TAIPU";"R$ 11.343,20";
"03/2017";"Legais, Voluntárias e Específicas";"00PI - APOIO A ALIMENTACAO ESCOLAR NA EDUCACAO BASICA (PNAE)";"Sem informação";"Administração Pública Municipal";"PB";"SÃO JOÃO DO TIGRE";"R$ 11.348,80";
"04/2017";"Legais, Voluntárias e Específicas";"00PI - APOIO A ALIMENTACAO ESCOLAR NA EDUCACAO BASICA (PNAE)";"Sem informação";"Administração Pública Municipal";"PB";"SÃO JOÃO DO TIGRE";"R$ 11.348,80";
"03/2017";"Legais, Voluntárias e Específicas";"00PI - APOIO A ALIMENTACAO ESCOLAR NA EDUCACAO BASICA (PNAE)";"Sem informação";"Administração Pública Municipal";"PB";"POÇO DANTAS";"R$ 11.421,00";
"03/2017";"Legais, Voluntárias e Específicas";"00PI - APOIO A ALIMENTACAO ESCOLAR NA EDUCACAO BASICA (PNAE)";"Sem informação";"Administração Pública Municipal";"PB";"CAPIM";"R$ 11.524,60";
"04/2017";"Legais, Voluntárias e Específicas";"00PI - APOIO A ALIMENTACAO ESCOLAR NA EDUCACAO BASICA (PNAE)";"Sem informação";"Administração Pública Municipal";"PB";"CAPIM";"R$ 11.524,60";
"03/2017";"Legais, Voluntárias e Específicas";"00PI - APOIO A ALIMENTACAO ESCOLAR NA EDUCACAO BASICA (PNAE)";"Sem informação";"Administração Pública Municipal";"PB";"NATUBA";"R$ 11.604,20";
"03/2017";"Legais, Voluntárias e Específicas";"00PI - APOIO A ALIMENTACAO ESCOLAR NA EDUCACAO BASICA (PNAE)";"Sem informação";"Administração Pública Municipal";"PB";"CAIÇARA";"R$ 11.634,40";
"03/2017";"Legais, Voluntárias e Específicas";"00PI - APOIO A ALIMENTACAO ESCOLAR NA EDUCACAO BASICA (PNAE)";"Sem informação";"Administração Pública Municipal";"PB";"DAMIÃO";"R$ 11.634,80";
"04/2017";"Legais, Voluntárias e Específicas";"00PI - APOIO A ALIMENTACAO ESCOLAR NA EDUCACAO BASICA (PNAE)";"Sem informação";"Administração Pública Municipal";"PB";"DAMIÃO";"R$ 11.634,80";
"04/2017";"Legais, Voluntárias e Específicas";"00PI - APOIO A ALIMENTACAO ESCOLAR NA EDUCACAO BASICA (PNAE)";"Sem informação";"Administração Pública Municipal";"PB";"EMAS";"R$ 11.738,00";
"03/2017";"Legais, Voluntárias e Específicas";"00PI - APOIO A ALIMENTACAO ESCOLAR NA EDUCACAO BASICA (PNAE)";"Sem informação";"Administração Pública Municipal";"PB";"CACHOEIRA DOS ÍNDIOS";"R$ 11.752,60";
"04/2017";"Legais, Voluntárias e Específicas";"00PI - APOIO A ALIMENTACAO ESCOLAR NA EDUCACAO BASICA (PNAE)";"Sem informação";"Administração Pública Municipal";"PB";"CACHOEIRA DOS ÍNDIOS";"R$ 11.752,60";
"03/2017";"Legais, Voluntárias e Específicas";"00PI - APOIO A ALIMENTACAO ESCOLAR NA EDUCACAO BASICA (PNAE)";"Sem informação";"Administração Pública Municipal";"PB";"CUITEGI";"R$ 11.858,60";
"04/2017";"Legais, Voluntárias e Específicas";"00PI - APOIO A ALIMENTACAO ESCOLAR NA EDUCACAO BASICA (PNAE)";"Sem informação";"Administração Pública Municipal";"PB";"CUITEGI";"R$ 11.858,60";
"04/2017";"Legais, Voluntárias e Específicas";"00PI - APOIO A ALIMENTACAO ESCOLAR NA EDUCACAO BASICA (PNAE)";"Sem informação";"Administração Pública Municipal";"PB";"CAMALAÚ";"R$ 11.905,60";
"03/2017";"Legais, Voluntárias e Específicas";"00PI - APOIO A ALIMENTACAO ESCOLAR NA EDUCACAO BASICA (PNAE)";"Sem informação";"Administração Pública Municipal";"PB";"CAMALAÚ";"R$ 11.905,60";
"03/2017";"Legais, Voluntárias e Específicas";"00PI - APOIO A ALIMENTACAO ESCOLAR NA EDUCACAO BASICA (PNAE)";"Sem informação";"Administração Pública Municipal";"PB";"LIVRAMENTO";"R$ 11.977,00";
"04/2017";"Legais, Voluntárias e Específicas";"00PI - APOIO A ALIMENTACAO ESCOLAR NA EDUCACAO BASICA (PNAE)";"Sem informação";"Administração Pública Municipal";"PB";"PRATA";"R$ 12.141,40";
"04/2017";"Legais, Voluntárias e Específicas";"00PI - APOIO A ALIMENTACAO ESCOLAR NA EDUCACAO BASICA (PNAE)";"Sem informação";"Administração Pública Municipal";"PB";"NAZAREZINHO";"R$ 12.174,60";
"03/2017";"Legais, Voluntárias e Específicas";"00PI - APOIO A ALIMENTACAO ESCOLAR NA EDUCACAO BASICA (PNAE)";"Sem informação";"Administração Pública Municipal";"PB";"SERRA BRANCA";"R$ 12.308,80";
"04/2017";"Legais, Voluntárias e Específicas";"00PI - APOIO A ALIMENTACAO ESCOLAR NA EDUCACAO BASICA (PNAE)";"Sem informação";"Administração Pública Municipal";"PB";"SÃO SEBASTIÃO DE LAGOA DE ROÇA";"R$ 12.318,20";
"04/2017";"Legais, Voluntárias e Específicas";"00PI - APOIO A ALIMENTACAO ESCOLAR NA EDUCACAO BASICA (PNAE)";"Sem informação";"Administração Pública Municipal";"PB";"PILÕES";"R$ 12.420,20";
"03/2017";"Legais, Voluntárias e Específicas";"00PI - APOIO A ALIMENTACAO ESCOLAR NA EDUCACAO BASICA (PNAE)";"Sem informação";"Administração Pública Municipal";"PB";"PILÕES";"R$ 12.420,20";
"03/2017";"Legais, Voluntárias e Específicas";"00PI - APOIO A ALIMENTACAO ESCOLAR NA EDUCACAO BASICA (PNAE)";"Sem informação";"Administração Pública Municipal";"PB";"PIRPIRITUBA";"R$ 12.420,80";
"04/2017";"Legais, Voluntárias e Específicas";"00PI - APOIO A ALIMENTACAO ESCOLAR NA EDUCACAO BASICA (PNAE)";"Sem informação";"Administração Pública Municipal";"PB";"ALGODÃO DE JANDAÍRA";"R$ 12.459,20";
"04/2017";"Legais, Voluntárias e Específicas";"00PI - APOIO A ALIMENTACAO ESCOLAR NA EDUCACAO BASICA (PNAE)";"Sem informação";"Administração Pública Municipal";"PB";"APARECIDA";"R$ 12.519,20";
"03/2017";"Legais, Voluntárias e Específicas";"00PI - APOIO A ALIMENTACAO ESCOLAR NA EDUCACAO BASICA (PNAE)";"Sem informação";"Administração Pública Municipal";"PB";"AREIAL";"R$ 12.620,40";
"04/2017";"Legais, Voluntárias e Específicas";"00PI - APOIO A ALIMENTACAO ESCOLAR NA EDUCACAO BASICA (PNAE)";"Sem informação";"Administração Pública Municipal";"PB";"NATUBA";"R$ 12.626,60";
"03/2017";"Legais, Voluntárias e Específicas";"00PI - APOIO A ALIMENTACAO ESCOLAR NA EDUCACAO BASICA (PNAE)";"Sem informação";"Administração Pública Municipal";"PB";"CUITÉ DE MAMANGUAPE";"R$ 12.669,40";
"03/2017";"Legais, Voluntárias e Específicas";"00PI - APOIO A ALIMENTACAO ESCOLAR NA EDUCACAO BASICA (PNAE)";"Sem informação";"Administração Pública Municipal";"PB";"POÇO DE JOSÉ DE MOURA";"R$ 12.954,80";
"03/2017";"Legais, Voluntárias e Específicas";"00PI - APOIO A ALIMENTACAO ESCOLAR NA EDUCACAO BASICA (PNAE)";"Sem informação";"Administração Pública Municipal";"PB";"MATURÉIA";"R$ 12.990,80";
"03/2017";"Legais, Voluntárias e Específicas";"00PI - APOIO A ALIMENTACAO ESCOLAR NA EDUCACAO BASICA (PNAE)";"Sem informação";"Administração Pública Municipal";"PB";"SANTA CECÍLIA";"R$ 12.991,20";
"03/2017";"Legais, Voluntárias e Específicas";"00PI - APOIO A ALIMENTACAO ESCOLAR NA EDUCACAO BASICA (PNAE)";"Sem informação";"Administração Pública Municipal";"PB";"CALDAS BRANDÃO";"R$ 13.027,40";
"03/2017";"Legais, Voluntárias e Específicas";"00PI - APOIO A ALIMENTACAO ESCOLAR NA EDUCACAO BASICA (PNAE)";"Sem informação";"Administração Pública Municipal";"PB";"SOBRADO";"R$ 13.645,00";
"04/2017";"Legais, Voluntárias e Específicas";"00PI - APOIO A ALIMENTACAO ESCOLAR NA EDUCACAO BASICA (PNAE)";"Sem informação";"Administração Pública Municipal";"PB";"SOBRADO";"R$ 13.645,00";
"04/2017";"Legais, Voluntárias e Específicas";"00PI - APOIO A ALIMENTACAO ESCOLAR NA EDUCACAO BASICA (PNAE)";"Sem informação";"Administração Pública Municipal";"PB";"SERRA BRANCA";"R$ 13.731,40";
"04/2017";"Legais, Voluntárias e Específicas";"00PI - APOIO A ALIMENTACAO ESCOLAR NA EDUCACAO BASICA (PNAE)";"Sem informação";"Administração Pública Municipal";"PB";"SANTANA DOS GARROTES";"R$ 13.813,80";
"04/2017";"Legais, Voluntárias e Específicas";"00PI - APOIO A ALIMENTACAO ESCOLAR NA EDUCACAO BASICA (PNAE)";"Sem informação";"Administração Pública Municipal";"PB";"CABACEIRAS";"R$ 14.055,00";
"04/2017";"Legais, Voluntárias e Específicas";"00PI - APOIO A ALIMENTACAO ESCOLAR NA EDUCACAO BASICA (PNAE)";"Sem informação";"Administração Pública Municipal";"PB";"LIVRAMENTO";"R$ 14.107,00";
"03/2017";"Legais, Voluntárias e Específicas";"00PI - APOIO A ALIMENTACAO ESCOLAR NA EDUCACAO BASICA (PNAE)";"Sem informação";"Administração Pública Municipal";"PB";"PEDRA LAVRADA";"R$ 14.209,40";
"03/2017";"Legais, Voluntárias e Específicas";"00PI - APOIO A ALIMENTACAO ESCOLAR NA EDUCACAO BASICA (PNAE)";"Sem informação";"Administração Pública Municipal";"PB";"CUBATI";"R$ 14.358,60";
"03/2017";"Legais, Voluntárias e Específicas";"00PI - APOIO A ALIMENTACAO ESCOLAR NA EDUCACAO BASICA (PNAE)";"Sem informação";"Administração Pública Municipal";"PB";"BONITO DE SANTA FÉ";"R$ 14.380,00";
"04/2017";"Legais, Voluntárias e Específicas";"00PI - APOIO A ALIMENTACAO ESCOLAR NA EDUCACAO BASICA (PNAE)";"Sem informação";"Administração Pública Municipal";"PB";"BONITO DE SANTA FÉ";"R$ 14.380,00";
"03/2017";"Legais, Voluntárias e Específicas";"00PI - APOIO A ALIMENTACAO ESCOLAR NA EDUCACAO BASICA (PNAE)";"Sem informação";"Administração Pública Municipal";"PB";"ITATUBA";"R$ 14.518,80";
"04/2017";"Legais, Voluntárias e Específicas";"00PI - APOIO A ALIMENTACAO ESCOLAR NA EDUCACAO BASICA (PNAE)";"Sem informação";"Administração Pública Municipal";"PB";"PIRPIRITUBA";"R$ 14.565,00";
"03/2017";"Legais, Voluntárias e Específicas";"00PI - APOIO A ALIMENTACAO ESCOLAR NA EDUCACAO BASICA (PNAE)";"Sem informação";"Administração Pública Municipal";"PB";"BOA VISTA";"R$ 14.657,80";
"04/2017";"Legais, Voluntárias e Específicas";"00PI - APOIO A ALIMENTACAO ESCOLAR NA EDUCACAO BASICA (PNAE)";"Sem informação";"Administração Pública Municipal";"PB";"COREMAS";"R$ 14.671,12";
"03/2017";"Legais, Voluntárias e Específicas";"00PI - APOIO A ALIMENTACAO ESCOLAR NA EDUCACAO BASICA (PNAE)";"Sem informação";"Administração Pública Municipal";"PB";"COREMAS";"R$ 14.671,12";
"03/2017";"Legais, Voluntárias e Específicas";"00PI - APOIO A ALIMENTACAO ESCOLAR NA EDUCACAO BASICA (PNAE)";"Sem informação";"Administração Pública Municipal";"PB";"BARRA DE SÃO MIGUEL";"R$ 14.771,00";
"04/2017";"Legais, Voluntárias e Específicas";"00PI - APOIO A ALIMENTACAO ESCOLAR NA EDUCACAO BASICA (PNAE)";"Sem informação";"Administração Pública Municipal";"PB";"MATARACA";"R$ 14.871,60";
"03/2017";"Legais, Voluntárias e Específicas";"00PI - APOIO A ALIMENTACAO ESCOLAR NA EDUCACAO BASICA (PNAE)";"Sem informação";"Administração Pública Municipal";"PB";"MATARACA";"R$ 14.871,60";
"03/2017";"Legais, Voluntárias e Específicas";"00PI - APOIO A ALIMENTACAO ESCOLAR NA EDUCACAO BASICA (PNAE)";"Sem informação";"Administração Pública Municipal";"PB";"BARRA DE SANTANA";"R$ 14.916,40";
"04/2017";"Legais, Voluntárias e Específicas";"00PI - APOIO A ALIMENTACAO ESCOLAR NA EDUCACAO BASICA (PNAE)";"Sem informação";"Administração Pública Municipal";"PB";"UMBUZEIRO";"R$ 14.955,20";
"03/2017";"Legais, Voluntárias e Específicas";"00PI - APOIO A ALIMENTACAO ESCOLAR NA EDUCACAO BASICA (PNAE)";"Sem informação";"Administração Pública Municipal";"PB";"UMBUZEIRO";"R$ 14.955,20";
"04/2017";"Legais, Voluntárias e Específicas";"00PI - APOIO A ALIMENTACAO ESCOLAR NA EDUCACAO BASICA (PNAE)";"Sem informação";"Administração Pública Municipal";"PB";"LOGRADOURO";"R$ 14.981,40";
"04/2017";"Legais, Voluntárias e Específicas";"00PI - APOIO A ALIMENTACAO ESCOLAR NA EDUCACAO BASICA (PNAE)";"Sem informação";"Administração Pública Municipal";"PB";"RIACHÃO DO BACAMARTE";"R$ 15.014,80";
"03/2017";"Legais, Voluntárias e Específicas";"00PI - APOIO A ALIMENTACAO ESCOLAR NA EDUCACAO BASICA (PNAE)";"Sem informação";"Administração Pública Municipal";"PB";"JURIPIRANGA";"R$ 15.062,00";
"03/2017";"Legais, Voluntárias e Específicas";"00PI - APOIO A ALIMENTACAO ESCOLAR NA EDUCACAO BASICA (PNAE)";"Sem informação";"Administração Pública Municipal";"PB";"ARARA";"R$ 15.189,80";
"04/2017";"Legais, Voluntárias e Específicas";"00PI - APOIO A ALIMENTACAO ESCOLAR NA EDUCACAO BASICA (PNAE)";"Sem informação";"Administração Pública Municipal";"PB";"ARARA";"R$ 15.189,80";
"03/2017";"Legais, Voluntárias e Específicas";"00PI - APOIO A ALIMENTACAO ESCOLAR NA EDUCACAO BASICA (PNAE)";"Sem informação";"Administração Pública Municipal";"PB";"SÃO MAMEDE";"R$ 15.231,00";
"03/2017";"Legais, Voluntárias e Específicas";"00PI - APOIO A ALIMENTACAO ESCOLAR NA EDUCACAO BASICA (PNAE)";"Sem informação";"Administração Pública Municipal";"PB";"RIACHO DOS CAVALOS";"R$ 15.290,00";
"04/2017";"Legais, Voluntárias e Específicas";"00PI - APOIO A ALIMENTACAO ESCOLAR NA EDUCACAO BASICA (PNAE)";"Sem informação";"Administração Pública Municipal";"PB";"MONTADAS";"R$ 15.319,20";
"03/2017";"Legais, Voluntárias e Específicas";"00PI - APOIO A ALIMENTACAO ESCOLAR NA EDUCACAO BASICA (PNAE)";"Sem informação";"Administração Pública Municipal";"PB";"SERIDÓ";"R$ 15.468,40";
"03/2017";"Legais, Voluntárias e Específicas";"00PI - APOIO A ALIMENTACAO ESCOLAR NA EDUCACAO BASICA (PNAE)";"Sem informação";"Administração Pública Municipal";"PB";"MARIZÓPOLIS";"R$ 15.545,00";
"04/2017";"Legais, Voluntárias e Específicas";"00PI - APOIO A ALIMENTACAO ESCOLAR NA EDUCACAO BASICA (PNAE)";"Sem informação";"Administração Pública Municipal";"PB";"NOVA FLORESTA";"R$ 15.580,40";
"03/2017";"Legais, Voluntárias e Específicas";"00PI - APOIO A ALIMENTACAO ESCOLAR NA EDUCACAO BASICA (PNAE)";"Sem informação";"Administração Pública Municipal";"PB";"NOVA FLORESTA";"R$ 15.580,40";
"04/2017";"Legais, Voluntárias e Específicas";"00PI - APOIO A ALIMENTACAO ESCOLAR NA EDUCACAO BASICA (PNAE)";"Sem informação";"Administração Pública Municipal";"PB";"RIACHÃO DO POÇO";"R$ 15.605,00";
"03/2017";"Legais, Voluntárias e Específicas";"00PI - APOIO A ALIMENTACAO ESCOLAR NA EDUCACAO BASICA (PNAE)";"Sem informação";"Administração Pública Municipal";"PB";"CASSERENGUE";"R$ 15.609,80";
"04/2017";"Legais, Voluntárias e Específicas";"00PI - APOIO A ALIMENTACAO ESCOLAR NA EDUCACAO BASICA (PNAE)";"Sem informação";"Administração Pública Municipal";"PB";"CASSERENGUE";"R$ 15.609,80";
"04/2017";"Legais, Voluntárias e Específicas";"00PI - APOIO A ALIMENTACAO ESCOLAR NA EDUCACAO BASICA (PNAE)";"Sem informação";"Administração Pública Municipal";"PB";"SANTANA DE MANGUEIRA";"R$ 15.630,20";
"04/2017";"Legais, Voluntárias e Específicas";"00PI - APOIO A ALIMENTACAO ESCOLAR NA EDUCACAO BASICA (PNAE)";"Sem informação";"Administração Pública Municipal";"PB";"BOA VISTA";"R$ 15.694,40";
"03/2017";"Legais, Voluntárias e Específicas";"00PI - APOIO A ALIMENTACAO ESCOLAR NA EDUCACAO BASICA (PNAE)";"Sem informação";"Administração Pública Municipal";"PB";"IMACULADA";"R$ 15.803,60";
"04/2017";"Legais, Voluntárias e Específicas";"00PI - APOIO A ALIMENTACAO ESCOLAR NA EDUCACAO BASICA (PNAE)";"Sem informação";"Administração Pública Municipal";"PB";"CALDAS BRANDÃO";"R$ 15.839,00";
"04/2017";"Legais, Voluntárias e Específicas";"00PI - APOIO A ALIMENTACAO ESCOLAR NA EDUCACAO BASICA (PNAE)";"Sem informação";"Administração Pública Municipal";"PB";"BERNARDINO BATISTA";"R$ 15.855,20";
"03/2017";"Legais, Voluntárias e Específicas";"00PI - APOIO A ALIMENTACAO ESCOLAR NA EDUCACAO BASICA (PNAE)";"Sem informação";"Administração Pública Municipal";"PB";"BERNARDINO BATISTA";"R$ 15.855,20";
"04/2017";"Legais, Voluntárias e Específicas";"00PI - APOIO A ALIMENTACAO ESCOLAR NA EDUCACAO BASICA (PNAE)";"Sem informação";"Administração Pública Municipal";"PB";"SERTÃOZINHO";"R$ 15.891,00";
"03/2017";"Legais, Voluntárias e Específicas";"00PI - APOIO A ALIMENTACAO ESCOLAR NA EDUCACAO BASICA (PNAE)";"Sem informação";"Administração Pública Municipal";"PB";"CACIMBAS";"R$ 15.985,00";
"04/2017";"Legais, Voluntárias e Específicas";"00PI - APOIO A ALIMENTACAO ESCOLAR NA EDUCACAO BASICA (PNAE)";"Sem informação";"Administração Pública Municipal";"PB";"CACIMBAS";"R$ 15.985,00";
"03/2017";"Legais, Voluntárias e Específicas";"00PI - APOIO A ALIMENTACAO ESCOLAR NA EDUCACAO BASICA (PNAE)";"Sem informação";"Administração Pública Municipal";"PB";"MANAÍRA";"R$ 15.999,80";
"03/2017";"Legais, Voluntárias e Específicas";"00PI - APOIO A ALIMENTACAO ESCOLAR NA EDUCACAO BASICA (PNAE)";"Sem informação";"Administração Pública Municipal";"PB";"BELÉM";"R$ 16.009,40";
"03/2017";"Legais, Voluntárias e Específicas";"00PI - APOIO A ALIMENTACAO ESCOLAR NA EDUCACAO BASICA (PNAE)";"Sem informação";"Administração Pública Municipal";"PB";"BELÉM DO BREJO DO CRUZ";"R$ 16.171,20";
"03/2017";"Legais, Voluntárias e Específicas";"00PI - APOIO A ALIMENTACAO ESCOLAR NA EDUCACAO BASICA (PNAE)";"Sem informação";"Administração Pública Municipal";"PB";"PUXINANÃ";"R$ 16.331,40";
"04/2017";"Legais, Voluntárias e Específicas";"00PI - APOIO A ALIMENTACAO ESCOLAR NA EDUCACAO BASICA (PNAE)";"Sem informação";"Administração Pública Municipal";"PB";"MATURÉIA";"R$ 16.370,40";
"04/2017";"Legais, Voluntárias e Específicas";"00PI - APOIO A ALIMENTACAO ESCOLAR NA EDUCACAO BASICA (PNAE)";"Sem informação";"Administração Pública Municipal";"PB";"SÃO MIGUEL DE TAIPU";"R$ 16.512,00";
"04/2017";"Legais, Voluntárias e Específicas";"00PI - APOIO A ALIMENTACAO ESCOLAR NA EDUCACAO BASICA (PNAE)";"Sem informação";"Administração Pública Municipal";"PB";"SANTA CECÍLIA";"R$ 16.583,80";
"03/2017";"Legais, Voluntárias e Específicas";"00PI - APOIO A ALIMENTACAO ESCOLAR NA EDUCACAO BASICA (PNAE)";"Sem informação";"Administração Pública Municipal";"PB";"CATINGUEIRA";"R$ 16.750,40";
"04/2017";"Legais, Voluntárias e Específicas";"00PI - APOIO A ALIMENTACAO ESCOLAR NA EDUCACAO BASICA (PNAE)";"Sem informação";"Administração Pública Municipal";"PB";"AREIAL";"R$ 17.164,40";
"03/2017";"Legais, Voluntárias e Específicas";"00PI - APOIO A ALIMENTACAO ESCOLAR NA EDUCACAO BASICA (PNAE)";"Sem informação";"Administração Pública Municipal";"PB";"GADO BRAVO";"R$ 17.269,40";
"04/2017";"Legais, Voluntárias e Específicas";"00PI - APOIO A ALIMENTACAO ESCOLAR NA EDUCACAO BASICA (PNAE)";"Sem informação";"Administração Pública Municipal";"PB";"GADO BRAVO";"R$ 17.269,40";
"04/2017";"Legais, Voluntárias e Específicas";"00PI - APOIO A ALIMENTACAO ESCOLAR NA EDUCACAO BASICA (PNAE)";"Sem informação";"Administração Pública Municipal";"PB";"MALTA";"R$ 17.425,20";
"03/2017";"Legais, Voluntárias e Específicas";"00PI - APOIO A ALIMENTACAO ESCOLAR NA EDUCACAO BASICA (PNAE)";"Sem informação";"Administração Pública Municipal";"PB";"ÁGUA BRANCA";"R$ 17.516,20";
"04/2017";"Legais, Voluntárias e Específicas";"00PI - APOIO A ALIMENTACAO ESCOLAR NA EDUCACAO BASICA (PNAE)";"Sem informação";"Administração Pública Municipal";"PB";"BELÉM DO BREJO DO CRUZ";"R$ 17.534,40";
"03/2017";"Legais, Voluntárias e Específicas";"00PI - APOIO A ALIMENTACAO ESCOLAR NA EDUCACAO BASICA (PNAE)";"Sem informação";"Administração Pública Municipal";"PB";"BARRA DE SANTA ROSA";"R$ 17.811,00";
"03/2017";"Legais, Voluntárias e Específicas";"00PI - APOIO A ALIMENTACAO ESCOLAR NA EDUCACAO BASICA (PNAE)";"Sem informação";"Administração Pública Municipal";"PB";"TACIMA";"R$ 17.847,20";
"03/2017";"Legais, Voluntárias e Específicas";"00PI - APOIO A ALIMENTACAO ESCOLAR NA EDUCACAO BASICA (PNAE)";"Sem informação";"Administração Pública Municipal";"PB";"PAULISTA";"R$ 17.860,20";
"04/2017";"Legais, Voluntárias e Específicas";"00PI - APOIO A ALIMENTACAO ESCOLAR NA EDUCACAO BASICA (PNAE)";"Sem informação";"Administração Pública Municipal";"PB";"OLHO D'ÁGUA";"R$ 17.985,40";
"03/2017";"Legais, Voluntárias e Específicas";"00PI - APOIO A ALIMENTACAO ESCOLAR NA EDUCACAO BASICA (PNAE)";"Sem informação";"Administração Pública Municipal";"PB";"OLHO D'ÁGUA";"R$ 17.985,40";
"03/2017";"Legais, Voluntárias e Específicas";"00PI - APOIO A ALIMENTACAO ESCOLAR NA EDUCACAO BASICA (PNAE)";"Sem informação";"Administração Pública Municipal";"PB";"PRINCESA ISABEL";"R$ 18.058,60";
"03/2017";"Legais, Voluntárias e Específicas";"00PI - APOIO A ALIMENTACAO ESCOLAR NA EDUCACAO BASICA (PNAE)";"Sem informação";"Administração Pública Municipal";"PB";"MASSARANDUBA";"R$ 18.448,60";
"03/2017";"Legais, Voluntárias e Específicas";"00PI - APOIO A ALIMENTACAO ESCOLAR NA EDUCACAO BASICA (PNAE)";"Sem informação";"Administração Pública Municipal";"PB";"BREJO DO CRUZ";"R$ 18.570,60";
"04/2017";"Legais, Voluntárias e Específicas";"00PI - APOIO A ALIMENTACAO ESCOLAR NA EDUCACAO BASICA (PNAE)";"Sem informação";"Administração Pública Municipal";"PB";"POÇO DANTAS";"R$ 18.634,60";
"04/2017";"Legais, Voluntárias e Específicas";"00PI - APOIO A ALIMENTACAO ESCOLAR NA EDUCACAO BASICA (PNAE)";"Sem informação";"Administração Pública Municipal";"PB";"SANTA HELENA";"R$ 18.660,00";
"03/2017";"Legais, Voluntárias e Específicas";"00PI - APOIO A ALIMENTACAO ESCOLAR NA EDUCACAO BASICA (PNAE)";"Sem informação";"Administração Pública Municipal";"PB";"MARCAÇÃO";"R$ 18.751,20";
"04/2017";"Legais, Voluntárias e Específicas";"00PI - APOIO A ALIMENTACAO ESCOLAR NA EDUCACAO BASICA (PNAE)";"Sem informação";"Administração Pública Municipal";"PB";"MARCAÇÃO";"R$ 18.751,20";
"04/2017";"Legais, Voluntárias e Específicas";"00PI - APOIO A ALIMENTACAO ESCOLAR NA EDUCACAO BASICA (PNAE)";"Sem informação";"Administração Pública Municipal";"PB";"ALAGOINHA";"R$ 18.907,60";
"03/2017";"Legais, Voluntárias e Específicas";"00PI - APOIO A ALIMENTACAO ESCOLAR NA EDUCACAO BASICA (PNAE)";"Sem informação";"Administração Pública Municipal";"PB";"ALAGOINHA";"R$ 18.907,60";
"03/2017";"Legais, Voluntárias e Específicas";"00PI - APOIO A ALIMENTACAO ESCOLAR NA EDUCACAO BASICA (PNAE)";"Sem informação";"Administração Pública Municipal";"PB";"GURINHÉM";"R$ 19.312,60";
"03/2017";"Legais, Voluntárias e Específicas";"00PI - APOIO A ALIMENTACAO ESCOLAR NA EDUCACAO BASICA (PNAE)";"Sem informação";"Administração Pública Municipal";"PB";"MOGEIRO";"R$ 19.582,60";
"03/2017";"Legais, Voluntárias e Específicas";"00PI - APOIO A ALIMENTACAO ESCOLAR NA EDUCACAO BASICA (PNAE)";"Sem informação";"Administração Pública Municipal";"PB";"ARAÇAGI";"R$ 19.979,80";
"03/2017";"Legais, Voluntárias e Específicas";"00PI - APOIO A ALIMENTACAO ESCOLAR NA EDUCACAO BASICA (PNAE)";"Sem informação";"Administração Pública Municipal";"PB";"TAPEROÁ";"R$ 19.998,60";
"03/2017";"Legais, Voluntárias e Específicas";"00PI - APOIO A ALIMENTACAO ESCOLAR NA EDUCACAO BASICA (PNAE)";"Sem informação";"Administração Pública Municipal";"PB";"CRUZ DO ESPÍRITO SANTO";"R$ 20.169,20";
"03/2017";"Legais, Voluntárias e Específicas";"00PI - APOIO A ALIMENTACAO ESCOLAR NA EDUCACAO BASICA (PNAE)";"Sem informação";"Administração Pública Municipal";"PB";"SÃO JOSÉ DE PIRANHAS";"R$ 20.272,00";
"04/2017";"Legais, Voluntárias e Específicas";"00PI - APOIO A ALIMENTACAO ESCOLAR NA EDUCACAO BASICA (PNAE)";"Sem informação";"Administração Pública Municipal";"PB";"MANAÍRA";"R$ 20.345,00";
"04/2017";"Legais, Voluntárias e Específicas";"00PI - APOIO A ALIMENTACAO ESCOLAR NA EDUCACAO BASICA (PNAE)";"Sem informação";"Administração Pública Municipal";"PB";"PUXINANÃ";"R$ 20.733,40";
"04/2017";"Legais, Voluntárias e Específicas";"00PI - APOIO A ALIMENTACAO ESCOLAR NA EDUCACAO BASICA (PNAE)";"Sem informação";"Administração Pública Municipal";"PB";"JURIPIRANGA";"R$ 20.884,00";
"03/2017";"Legais, Voluntárias e Específicas";"00PI - APOIO A ALIMENTACAO ESCOLAR NA EDUCACAO BASICA (PNAE)";"Sem informação";"Administração Pública Municipal";"PB";"UIRAÚNA";"R$ 20.989,20";
"04/2017";"Legais, Voluntárias e Específicas";"00PI - APOIO A ALIMENTACAO ESCOLAR NA EDUCACAO BASICA (PNAE)";"Sem informação";"Administração Pública Municipal";"PB";"MARIZÓPOLIS";"R$ 21.225,00";
"04/2017";"Legais, Voluntárias e Específicas";"00PI - APOIO A ALIMENTACAO ESCOLAR NA EDUCACAO BASICA (PNAE)";"Sem informação";"Administração Pública Municipal";"PB";"RIACHO DOS CAVALOS";"R$ 21.225,60";
"03/2017";"Legais, Voluntárias e Específicas";"00PI - APOIO A ALIMENTACAO ESCOLAR NA EDUCACAO BASICA (PNAE)";"Sem informação";"Administração Pública Municipal";"PB";"DONA INÊS";"R$ 21.246,40";
"04/2017";"Legais, Voluntárias e Específicas";"00PI - APOIO A ALIMENTACAO ESCOLAR NA EDUCACAO BASICA (PNAE)";"Sem informação";"Administração Pública Municipal";"PB";"CUITÉ DE MAMANGUAPE";"R$ 21.445,00";
"04/2017";"Legais, Voluntárias e Específicas";"00PI - APOIO A ALIMENTACAO ESCOLAR NA EDUCACAO BASICA (PNAE)";"Sem informação";"Administração Pública Municipal";"PB";"BARRA DE SÃO MIGUEL";"R$ 21.800,00";
"03/2017";"Legais, Voluntárias e Específicas";"00PI - APOIO A ALIMENTACAO ESCOLAR NA EDUCACAO BASICA (PNAE)";"Sem informação";"Administração Pública Municipal";"PB";"LAGOA DE DENTRO";"R$ 21.900,60";
"04/2017";"Legais, Voluntárias e Específicas";"00PI - APOIO A ALIMENTACAO ESCOLAR NA EDUCACAO BASICA (PNAE)";"Sem informação";"Administração Pública Municipal";"PB";"TACIMA";"R$ 21.993,60";
"04/2017";"Legais, Voluntárias e Específicas";"00PI - APOIO A ALIMENTACAO ESCOLAR NA EDUCACAO BASICA (PNAE)";"Sem informação";"Administração Pública Municipal";"PB";"SERIDÓ";"R$ 22.057,20";
"04/2017";"Legais, Voluntárias e Específicas";"00PI - APOIO A ALIMENTACAO ESCOLAR NA EDUCACAO BASICA (PNAE)";"Sem informação";"Administração Pública Municipal";"PB";"ÁGUA BRANCA";"R$ 22.273,20";
"04/2017";"Legais, Voluntárias e Específicas";"00PI - APOIO A ALIMENTACAO ESCOLAR NA EDUCACAO BASICA (PNAE)";"Sem informação";"Administração Pública Municipal";"PB";"SÃO MAMEDE";"R$ 22.316,80";
"03/2017";"Legais, Voluntárias e Específicas";"00PI - APOIO A ALIMENTACAO ESCOLAR NA EDUCACAO BASICA (PNAE)";"Sem informação";"Administração Pública Municipal";"PB";"SALGADO DE SÃO FÉLIX";"R$ 22.520,40";
"04/2017";"Legais, Voluntárias e Específicas";"00PI - APOIO A ALIMENTACAO ESCOLAR NA EDUCACAO BASICA (PNAE)";"Sem informação";"Administração Pública Municipal";"PB";"SALGADO DE SÃO FÉLIX";"R$ 22.520,40";
"03/2017";"Legais, Voluntárias e Específicas";"00PI - APOIO A ALIMENTACAO ESCOLAR NA EDUCACAO BASICA (PNAE)";"Sem informação";"Administração Pública Municipal";"PB";"AREIA";"R$ 22.766,00";
"04/2017";"Legais, Voluntárias e Específicas";"00PI - APOIO A ALIMENTACAO ESCOLAR NA EDUCACAO BASICA (PNAE)";"Sem informação";"Administração Pública Municipal";"PB";"SÃO JOSÉ DE PIRANHAS";"R$ 23.396,00";
"03/2017";"Legais, Voluntárias e Específicas";"00PI - APOIO A ALIMENTACAO ESCOLAR NA EDUCACAO BASICA (PNAE)";"Sem informação";"Administração Pública Municipal";"PB";"ITAPOROROCA";"R$ 23.566,00";
"04/2017";"Legais, Voluntárias e Específicas";"00PI - APOIO A ALIMENTACAO ESCOLAR NA EDUCACAO BASICA (PNAE)";"Sem informação";"Administração Pública Municipal";"PB";"PRINCESA ISABEL";"R$ 23.653,40";
"03/2017";"Legais, Voluntárias e Específicas";"00PI - APOIO A ALIMENTACAO ESCOLAR NA EDUCACAO BASICA (PNAE)";"Sem informação";"Administração Pública Municipal";"PB";"LUCENA";"R$ 23.674,40";
"03/2017";"Legais, Voluntárias e Específicas";"00PI - APOIO A ALIMENTACAO ESCOLAR NA EDUCACAO BASICA (PNAE)";"Sem informação";"Administração Pública Municipal";"PB";"PIANCÓ";"R$ 23.725,60";
"03/2017";"Legais, Voluntárias e Específicas";"00PI - APOIO A ALIMENTACAO ESCOLAR NA EDUCACAO BASICA (PNAE)";"Sem informação";"Administração Pública Municipal";"PB";"CACIMBA DE DENTRO";"R$ 23.829,80";
"03/2017";"Legais, Voluntárias e Específicas";"00PI - APOIO A ALIMENTACAO ESCOLAR NA EDUCACAO BASICA (PNAE)";"Sem informação";"Administração Pública Municipal";"PB";"ALAGOA NOVA";"R$ 23.956,60";
"04/2017";"Legais, Voluntárias e Específicas";"00PI - APOIO A ALIMENTACAO ESCOLAR NA EDUCACAO BASICA (PNAE)";"Sem informação";"Administração Pública Municipal";"PB";"TAPEROÁ";"R$ 24.216,00";
"04/2017";"Legais, Voluntárias e Específicas";"00PI - APOIO A ALIMENTACAO ESCOLAR NA EDUCACAO BASICA (PNAE)";"Sem informação";"Administração Pública Municipal";"PB";"BOQUEIRÃO";"R$ 24.220,00";
"03/2017";"Legais, Voluntárias e Específicas";"00PI - APOIO A ALIMENTACAO ESCOLAR NA EDUCACAO BASICA (PNAE)";"Sem informação";"Administração Pública Municipal";"PB";"BOQUEIRÃO";"R$ 24.220,00";
"04/2017";"Legais, Voluntárias e Específicas";"00PI - APOIO A ALIMENTACAO ESCOLAR NA EDUCACAO BASICA (PNAE)";"Sem informação";"Administração Pública Municipal";"PB";"IMACULADA";"R$ 24.309,40";
"03/2017";"Legais, Voluntárias e Específicas";"00PI - APOIO A ALIMENTACAO ESCOLAR NA EDUCACAO BASICA (PNAE)";"Sem informação";"Administração Pública Municipal";"PB";"TAVARES";"R$ 24.589,40";
"04/2017";"Legais, Voluntárias e Específicas";"00PI - APOIO A ALIMENTACAO ESCOLAR NA EDUCACAO BASICA (PNAE)";"Sem informação";"Administração Pública Municipal";"PB";"PAULISTA";"R$ 24.605,20";
"04/2017";"Legais, Voluntárias e Específicas";"00PI - APOIO A ALIMENTACAO ESCOLAR NA EDUCACAO BASICA (PNAE)";"Sem informação";"Administração Pública Municipal";"PB";"UIRAÚNA";"R$ 24.695,40";
"03/2017";"Legais, Voluntárias e Específicas";"00PI - APOIO A ALIMENTACAO ESCOLAR NA EDUCACAO BASICA (PNAE)";"Sem informação";"Administração Pública Municipal";"PB";"BAÍA DA TRAIÇÃO";"R$ 24.911,40";
"04/2017";"Legais, Voluntárias e Específicas";"00PI - APOIO A ALIMENTACAO ESCOLAR NA EDUCACAO BASICA (PNAE)";"Sem informação";"Administração Pública Municipal";"PB";"BAÍA DA TRAIÇÃO";"R$ 24.911,40";
"03/2017";"Legais, Voluntárias e Específicas";"00PI - APOIO A ALIMENTACAO ESCOLAR NA EDUCACAO BASICA (PNAE)";"Sem informação";"Administração Pública Municipal";"PB";"JACARAÚ";"R$ 25.700,40";
"04/2017";"Legais, Voluntárias e Específicas";"00PI - APOIO A ALIMENTACAO ESCOLAR NA EDUCACAO BASICA (PNAE)";"Sem informação";"Administração Pública Municipal";"PB";"BARRA DE SANTANA";"R$ 26.006,60";
"03/2017";"Legais, Voluntárias e Específicas";"00PI - APOIO A ALIMENTACAO ESCOLAR NA EDUCACAO BASICA (PNAE)";"Sem informação";"Administração Pública Municipal";"PB";"JURU";"R$ 26.110,40";
"03/2017";"Legais, Voluntárias e Específicas";"00PI - APOIO A ALIMENTACAO ESCOLAR NA EDUCACAO BASICA (PNAE)";"Sem informação";"Administração Pública Municipal";"PB";"REMÍGIO";"R$ 26.217,20";
"03/2017";"Legais, Voluntárias e Específicas";"00PI - APOIO A ALIMENTACAO ESCOLAR NA EDUCACAO BASICA (PNAE)";"Sem informação";"Administração Pública Municipal";"PB";"CUITÉ";"R$ 26.344,60";
"03/2017";"Legais, Voluntárias e Específicas";"00PI - APOIO A ALIMENTACAO ESCOLAR NA EDUCACAO BASICA (PNAE)";"Sem informação";"Administração Pública Municipal";"PB";"ARARUNA";"R$ 26.404,40";
"03/2017";"Legais, Voluntárias e Específicas";"00PI - APOIO A ALIMENTACAO ESCOLAR NA EDUCACAO BASICA (PNAE)";"Sem informação";"Administração Pública Municipal";"PB";"JUAZEIRINHO";"R$ 26.514,40";
"04/2017";"Legais, Voluntárias e Específicas";"00PI - APOIO A ALIMENTACAO ESCOLAR NA EDUCACAO BASICA (PNAE)";"Sem informação";"Administração Pública Municipal";"PB";"JUAZEIRINHO";"R$ 26.514,40";
"04/2017";"Legais, Voluntárias e Específicas";"00PI - APOIO A ALIMENTACAO ESCOLAR NA EDUCACAO BASICA (PNAE)";"Sem informação";"Administração Pública Municipal";"PB";"BELÉM";"R$ 26.588,40";
"03/2017";"Legais, Voluntárias e Específicas";"00PI - APOIO A ALIMENTACAO ESCOLAR NA EDUCACAO BASICA (PNAE)";"Sem informação";"Administração Pública Municipal";"PB";"TEIXEIRA";"R$ 26.624,80";
"03/2017";"Legais, Voluntárias e Específicas";"00PI - APOIO A ALIMENTACAO ESCOLAR NA EDUCACAO BASICA (PNAE)";"Sem informação";"Administração Pública Municipal";"PB";"PILAR";"R$ 26.714,80";
"04/2017";"Legais, Voluntárias e Específicas";"00PI - APOIO A ALIMENTACAO ESCOLAR NA EDUCACAO BASICA (PNAE)";"Sem informação";"Administração Pública Municipal";"PB";"PILAR";"R$ 26.714,80";
"04/2017";"Legais, Voluntárias e Específicas";"00PI - APOIO A ALIMENTACAO ESCOLAR NA EDUCACAO BASICA (PNAE)";"Sem informação";"Administração Pública Municipal";"PB";"CUITÉ";"R$ 26.955,20";
"03/2017";"Legais, Voluntárias e Específicas";"00PI - APOIO A ALIMENTACAO ESCOLAR NA EDUCACAO BASICA (PNAE)";"Sem informação";"Administração Pública Municipal";"PB";"AROEIRAS";"R$ 28.009,60";
"03/2017";"Legais, Voluntárias e Específicas";"00PI - APOIO A ALIMENTACAO ESCOLAR NA EDUCACAO BASICA (PNAE)";"Sem informação";"Administração Pública Municipal";"PB";"ALHANDRA";"R$ 29.344,00";
"04/2017";"Legais, Voluntárias e Específicas";"00PI - APOIO A ALIMENTACAO ESCOLAR NA EDUCACAO BASICA (PNAE)";"Sem informação";"Administração Pública Municipal";"PB";"PIANCÓ";"R$ 29.419,80";
"04/2017";"Legais, Voluntárias e Específicas";"00PI - APOIO A ALIMENTACAO ESCOLAR NA EDUCACAO BASICA (PNAE)";"Sem informação";"Administração Pública Municipal";"PB";"ITAPORANGA";"R$ 30.035,60";
"04/2017";"Legais, Voluntárias e Específicas";"00PI - APOIO A ALIMENTACAO ESCOLAR NA EDUCACAO BASICA (PNAE)";"Sem informação";"Administração Pública Municipal";"PB";"AROEIRAS";"R$ 30.352,60";
"04/2017";"Legais, Voluntárias e Específicas";"00PI - APOIO A ALIMENTACAO ESCOLAR NA EDUCACAO BASICA (PNAE)";"Sem informação";"Administração Pública Municipal";"PB";"JURU";"R$ 30.583,40";
"03/2017";"Legais, Voluntárias e Específicas";"00PI - APOIO A ALIMENTACAO ESCOLAR NA EDUCACAO BASICA (PNAE)";"Sem informação";"Administração Pública Municipal";"PB";"SOLÂNEA";"R$ 30.943,20";
"04/2017";"Legais, Voluntárias e Específicas";"00PI - APOIO A ALIMENTACAO ESCOLAR NA EDUCACAO BASICA (PNAE)";"Sem informação";"Administração Pública Municipal";"PB";"SOLÂNEA";"R$ 30.943,20";
"03/2017";"Legais, Voluntárias e Específicas";"00PI - APOIO A ALIMENTACAO ESCOLAR NA EDUCACAO BASICA (PNAE)";"Sem informação";"Administração Pública Municipal";"PB";"BANANEIRAS";"R$ 31.146,20";
"03/2017";"Legais, Voluntárias e Específicas";"00PI - APOIO A ALIMENTACAO ESCOLAR NA EDUCACAO BASICA (PNAE)";"Sem informação";"Administração Pública Municipal";"PB";"CATOLÉ DO ROCHA";"R$ 31.190,80";
"03/2017";"Legais, Voluntárias e Específicas";"00PI - APOIO A ALIMENTACAO ESCOLAR NA EDUCACAO BASICA (PNAE)";"Sem informação";"Administração Pública Municipal";"PB";"POCINHOS";"R$ 31.483,00";
"04/2017";"Legais, Voluntárias e Específicas";"00PI - APOIO A ALIMENTACAO ESCOLAR NA EDUCACAO BASICA (PNAE)";"Sem informação";"Administração Pública Municipal";"PB";"MARI";"R$ 31.513,00";
"03/2017";"Legais, Voluntárias e Específicas";"00PI - APOIO A ALIMENTACAO ESCOLAR NA EDUCACAO BASICA (PNAE)";"Sem informação";"Administração Pública Municipal";"PB";"PICUÍ";"R$ 32.039,20";
"04/2017";"Legais, Voluntárias e Específicas";"00PI - APOIO A ALIMENTACAO ESCOLAR NA EDUCACAO BASICA (PNAE)";"Sem informação";"Administração Pública Municipal";"PB";"FAGUNDES";"R$ 32.061,80";
"03/2017";"Legais, Voluntárias e Específicas";"00PI - APOIO A ALIMENTACAO ESCOLAR NA EDUCACAO BASICA (PNAE)";"Sem informação";"Administração Pública Municipal";"PB";"FAGUNDES";"R$ 32.061,80";
"03/2017";"Legais, Voluntárias e Específicas";"00PI - APOIO A ALIMENTACAO ESCOLAR NA EDUCACAO BASICA (PNAE)";"Sem informação";"Administração Pública Municipal";"PB";"SÃO JOÃO DO RIO DO PEIXE";"R$ 32.202,80";
"04/2017";"Legais, Voluntárias e Específicas";"00PI - APOIO A ALIMENTACAO ESCOLAR NA EDUCACAO BASICA (PNAE)";"Sem informação";"Administração Pública Municipal";"PB";"CRUZ DO ESPÍRITO SANTO";"R$ 32.296,00";
"04/2017";"Legais, Voluntárias e Específicas";"00PI - APOIO A ALIMENTACAO ESCOLAR NA EDUCACAO BASICA (PNAE)";"Sem informação";"Administração Pública Municipal";"PB";"LAGOA DE DENTRO";"R$ 32.635,80";
"03/2017";"Legais, Voluntárias e Específicas";"00PI - APOIO A ALIMENTACAO ESCOLAR NA EDUCACAO BASICA (PNAE)";"Sem informação";"Administração Pública Municipal";"PB";"SUMÉ";"R$ 33.408,20";
"04/2017";"Legais, Voluntárias e Específicas";"00PI - APOIO A ALIMENTACAO ESCOLAR NA EDUCACAO BASICA (PNAE)";"Sem informação";"Administração Pública Municipal";"PB";"SUMÉ";"R$ 33.408,20";
"03/2017";"Legais, Voluntárias e Específicas";"00PI - APOIO A ALIMENTACAO ESCOLAR NA EDUCACAO BASICA (PNAE)";"Sem informação";"Administração Pública Municipal";"PB";"RIO TINTO";"R$ 33.700,20";
"04/2017";"Legais, Voluntárias e Específicas";"00PI - APOIO A ALIMENTACAO ESCOLAR NA EDUCACAO BASICA (PNAE)";"Sem informação";"Administração Pública Municipal";"PB";"GURINHÉM";"R$ 33.938,60";
"04/2017";"Legais, Voluntárias e Específicas";"00PI - APOIO A ALIMENTACAO ESCOLAR NA EDUCACAO BASICA (PNAE)";"Sem informação";"Administração Pública Municipal";"PB";"TAVARES";"R$ 34.515,20";
"03/2017";"Legais, Voluntárias e Específicas";"00PI - APOIO A ALIMENTACAO ESCOLAR NA EDUCACAO BASICA (PNAE)";"Sem informação";"Administração Pública Municipal";"PB";"MONTEIRO";"R$ 35.379,20";
"04/2017";"Legais, Voluntárias e Específicas";"00PI - APOIO A ALIMENTACAO ESCOLAR NA EDUCACAO BASICA (PNAE)";"Sem informação";"Administração Pública Municipal";"PB";"JACARAÚ";"R$ 35.640,40";
"04/2017";"Legais, Voluntárias e Específicas";"00PI - APOIO A ALIMENTACAO ESCOLAR NA EDUCACAO BASICA (PNAE)";"Sem informação";"Administração Pública Municipal";"PB";"SÃO JOÃO DO RIO DO PEIXE";"R$ 36.335,00";
"04/2017";"Legais, Voluntárias e Específicas";"00PI - APOIO A ALIMENTACAO ESCOLAR NA EDUCACAO BASICA (PNAE)";"Sem informação";"Administração Pública Municipal";"PB";"LUCENA";"R$ 36.610,60";
"03/2017";"Legais, Voluntárias e Específicas";"00PI - APOIO A ALIMENTACAO ESCOLAR NA EDUCACAO BASICA (PNAE)";"Sem informação";"Administração Pública Municipal";"PB";"INGÁ";"R$ 36.878,40";
"04/2017";"Legais, Voluntárias e Específicas";"00PI - APOIO A ALIMENTACAO ESCOLAR NA EDUCACAO BASICA (PNAE)";"Sem informação";"Administração Pública Municipal";"PB";"ARAÇAGI";"R$ 36.920,40";
"03/2017";"Legais, Voluntárias e Específicas";"00PI - APOIO A ALIMENTACAO ESCOLAR NA EDUCACAO BASICA (PNAE)";"Sem informação";"Administração Pública Municipal";"PB";"POMBAL";"R$ 36.997,00";
"03/2017";"Legais, Voluntárias e Específicas";"00PI - APOIO A ALIMENTACAO ESCOLAR NA EDUCACAO BASICA (PNAE)";"Sem informação";"Administração Pública Municipal";"PB";"CONCEIÇÃO";"R$ 37.036,40";
"03/2017";"Legais, Voluntárias e Específicas";"00PI - APOIO A ALIMENTACAO ESCOLAR NA EDUCACAO BASICA (PNAE)";"Sem informação";"Administração Pública Municipal";"PB";"CAAPORÃ";"R$ 37.320,60";
"03/2017";"Legais, Voluntárias e Específicas";"00PI - APOIO A ALIMENTACAO ESCOLAR NA EDUCACAO BASICA (PNAE)";"Sem informação";"Administração Pública Municipal";"PB";"PITIMBU";"R$ 37.749,20";
"04/2017";"Legais, Voluntárias e Específicas";"00PI - APOIO A ALIMENTACAO ESCOLAR NA EDUCACAO BASICA (PNAE)";"Sem informação";"Administração Pública Municipal";"PB";"TEIXEIRA";"R$ 37.956,40";
"04/2017";"Legais, Voluntárias e Específicas";"00PI - APOIO A ALIMENTACAO ESCOLAR NA EDUCACAO BASICA (PNAE)";"Sem informação";"Administração Pública Municipal";"PB";"PICUÍ";"R$ 38.429,20";
"04/2017";"Legais, Voluntárias e Específicas";"00PI - APOIO A ALIMENTACAO ESCOLAR NA EDUCACAO BASICA (PNAE)";"Sem informação";"Administração Pública Municipal";"PB";"REMÍGIO";"R$ 38.500,20";
"04/2017";"Legais, Voluntárias e Específicas";"00PI - APOIO A ALIMENTACAO ESCOLAR NA EDUCACAO BASICA (PNAE)";"Sem informação";"Administração Pública Municipal";"PB";"ALAGOA NOVA";"R$ 38.724,60";
"04/2017";"Legais, Voluntárias e Específicas";"00PI - APOIO A ALIMENTACAO ESCOLAR NA EDUCACAO BASICA (PNAE)";"Sem informação";"Administração Pública Municipal";"PB";"MOGEIRO";"R$ 38.738,40";
"04/2017";"Legais, Voluntárias e Específicas";"00PI - APOIO A ALIMENTACAO ESCOLAR NA EDUCACAO BASICA (PNAE)";"Sem informação";"Administração Pública Municipal";"PB";"CATOLÉ DO ROCHA";"R$ 38.929,80";
"04/2017";"Legais, Voluntárias e Específicas";"00PI - APOIO A ALIMENTACAO ESCOLAR NA EDUCACAO BASICA (PNAE)";"Sem informação";"Administração Pública Municipal";"PB";"DONA INÊS";"R$ 39.375,80";
"04/2017";"Legais, Voluntárias e Específicas";"00PI - APOIO A ALIMENTACAO ESCOLAR NA EDUCACAO BASICA (PNAE)";"Sem informação";"Administração Pública Municipal";"PB";"CONCEIÇÃO";"R$ 40.018,40";
"03/2017";"Legais, Voluntárias e Específicas";"00PI - APOIO A ALIMENTACAO ESCOLAR NA EDUCACAO BASICA (PNAE)";"Sem informação";"Administração Pública Municipal";"PB";"ESPERANÇA";"R$ 41.292,00";
"04/2017";"Legais, Voluntárias e Específicas";"00PI - APOIO A ALIMENTACAO ESCOLAR NA EDUCACAO BASICA (PNAE)";"Sem informação";"Administração Pública Municipal";"PB";"INGÁ";"R$ 41.308,80";
"03/2017";"Legais, Voluntárias e Específicas";"00PI - APOIO A ALIMENTACAO ESCOLAR NA EDUCACAO BASICA (PNAE)";"Sem informação";"Administração Pública Municipal";"PB";"ALAGOA GRANDE";"R$ 42.247,40";
"03/2017";"Legais, Voluntárias e Específicas";"00PI - APOIO A ALIMENTACAO ESCOLAR NA EDUCACAO BASICA (PNAE)";"Sem informação";"Administração Pública Municipal";"PB";"MAMANGUAPE";"R$ 43.389,00";
"04/2017";"Legais, Voluntárias e Específicas";"00PI - APOIO A ALIMENTACAO ESCOLAR NA EDUCACAO BASICA (PNAE)";"Sem informação";"Administração Pública Municipal";"PB";"MAMANGUAPE";"R$ 43.389,00";
"03/2017";"Legais, Voluntárias e Específicas";"00PI - APOIO A ALIMENTACAO ESCOLAR NA EDUCACAO BASICA (PNAE)";"Sem informação";"Administração Pública Municipal";"PB";"LAGOA SECA";"R$ 44.579,40";
"04/2017";"Legais, Voluntárias e Específicas";"00PI - APOIO A ALIMENTACAO ESCOLAR NA EDUCACAO BASICA (PNAE)";"Sem informação";"Administração Pública Municipal";"PB";"POMBAL";"R$ 46.156,00";
"04/2017";"Legais, Voluntárias e Específicas";"00PI - APOIO A ALIMENTACAO ESCOLAR NA EDUCACAO BASICA (PNAE)";"Sem informação";"Administração Pública Municipal";"PB";"AREIA";"R$ 46.849,20";
"03/2017";"Legais, Voluntárias e Específicas";"00PI - APOIO A ALIMENTACAO ESCOLAR NA EDUCACAO BASICA (PNAE)";"Sem informação";"Administração Pública Municipal";"PB";"CAJAZEIRAS";"R$ 47.559,20";
"04/2017";"Legais, Voluntárias e Específicas";"00PI - APOIO A ALIMENTACAO ESCOLAR NA EDUCACAO BASICA (PNAE)";"Sem informação";"Administração Pública Municipal";"PB";"ARARUNA";"R$ 47.732,80";
"04/2017";"Legais, Voluntárias e Específicas";"00PI - APOIO A ALIMENTACAO ESCOLAR NA EDUCACAO BASICA (PNAE)";"Sem informação";"Administração Pública Municipal";"PB";"MONTEIRO";"R$ 47.790,00";
"04/2017";"Legais, Voluntárias e Específicas";"00PI - APOIO A ALIMENTACAO ESCOLAR NA EDUCACAO BASICA (PNAE)";"Sem informação";"Administração Pública Municipal";"PB";"BANANEIRAS";"R$ 47.944,80";
"03/2017";"Legais, Voluntárias e Específicas";"00PI - APOIO A ALIMENTACAO ESCOLAR NA EDUCACAO BASICA (PNAE)";"Sem informação";"Administração Pública Municipal";"PB";"SÃO BENTO";"R$ 48.588,80";
"04/2017";"Legais, Voluntárias e Específicas";"00PI - APOIO A ALIMENTACAO ESCOLAR NA EDUCACAO BASICA (PNAE)";"Sem informação";"Administração Pública Municipal";"PB";"RIO TINTO";"R$ 48.924,00";
"03/2017";"Legais, Voluntárias e Específicas";"00PI - APOIO A ALIMENTACAO ESCOLAR NA EDUCACAO BASICA (PNAE)";"Sem informação";"Administração Pública Municipal";"PB";"SOUSA";"R$ 51.014,60";
"04/2017";"Legais, Voluntárias e Específicas";"00PI - APOIO A ALIMENTACAO ESCOLAR NA EDUCACAO BASICA (PNAE)";"Sem informação";"Administração Pública Municipal";"PB";"PITIMBU";"R$ 51.296,00";
"03/2017";"Legais, Voluntárias e Específicas";"00PI - APOIO A ALIMENTACAO ESCOLAR NA EDUCACAO BASICA (PNAE)";"Sem informação";"Administração Pública Municipal";"PB";"CONDE";"R$ 56.204,40";
"03/2017";"Legais, Voluntárias e Específicas";"00PI - APOIO A ALIMENTACAO ESCOLAR NA EDUCACAO BASICA (PNAE)";"Sem informação";"Administração Pública Municipal";"PB";"SAPÉ";"R$ 56.471,40";
"04/2017";"Legais, Voluntárias e Específicas";"00PI - APOIO A ALIMENTACAO ESCOLAR NA EDUCACAO BASICA (PNAE)";"Sem informação";"Administração Pública Municipal";"PB";"CAAPORÃ";"R$ 58.833,60";
"03/2017";"Legais, Voluntárias e Específicas";"00PI - APOIO A ALIMENTACAO ESCOLAR NA EDUCACAO BASICA (PNAE)";"Sem informação";"Administração Pública Municipal";"PB";"CABEDELO";"R$ 59.561,80";
"04/2017";"Legais, Voluntárias e Específicas";"00PI - APOIO A ALIMENTACAO ESCOLAR NA EDUCACAO BASICA (PNAE)";"Sem informação";"Administração Pública Municipal";"PB";"LAGOA SECA";"R$ 60.864,60";
"04/2017";"Legais, Voluntárias e Específicas";"00PI - APOIO A ALIMENTACAO ESCOLAR NA EDUCACAO BASICA (PNAE)";"Sem informação";"Administração Pública Municipal";"PB";"ALAGOA GRANDE";"R$ 62.079,00";
"04/2017";"Legais, Voluntárias e Específicas";"00PI - APOIO A ALIMENTACAO ESCOLAR NA EDUCACAO BASICA (PNAE)";"Sem informação";"Administração Pública Municipal";"PB";"SÃO BENTO";"R$ 62.206,60";
"03/2017";"Legais, Voluntárias e Específicas";"00PI - APOIO A ALIMENTACAO ESCOLAR NA EDUCACAO BASICA (PNAE)";"Sem informação";"Administração Pública Municipal";"PB";"PEDRAS DE FOGO";"R$ 64.652,00";
"04/2017";"Legais, Voluntárias e Específicas";"00PI - APOIO A ALIMENTACAO ESCOLAR NA EDUCACAO BASICA (PNAE)";"Sem informação";"Administração Pública Municipal";"PB";"ESPERANÇA";"R$ 69.266,00";
"04/2017";"Legais, Voluntárias e Específicas";"00PI - APOIO A ALIMENTACAO ESCOLAR NA EDUCACAO BASICA (PNAE)";"Sem informação";"Administração Pública Municipal";"PB";"SOUSA";"R$ 70.497,00";
"04/2017";"Legais, Voluntárias e Específicas";"00PI - APOIO A ALIMENTACAO ESCOLAR NA EDUCACAO BASICA (PNAE)";"Sem informação";"Administração Pública Municipal";"PB";"CONDE";"R$ 73.884,00";
"04/2017";"Legais, Voluntárias e Específicas";"00PI - APOIO A ALIMENTACAO ESCOLAR NA EDUCACAO BASICA (PNAE)";"Sem informação";"Administração Pública Municipal";"PB";"SAPÉ";"R$ 74.718,40";
"04/2017";"Legais, Voluntárias e Específicas";"00PI - APOIO A ALIMENTACAO ESCOLAR NA EDUCACAO BASICA (PNAE)";"Sem informação";"Administração Pública Municipal";"PB";"PEDRAS DE FOGO";"R$ 74.762,40";
"03/2017";"Legais, Voluntárias e Específicas";"00PI - APOIO A ALIMENTACAO ESCOLAR NA EDUCACAO BASICA (PNAE)";"Sem informação";"Administração Pública Municipal";"PB";"PATOS";"R$ 87.851,20";
"03/2017";"Legais, Voluntárias e Específicas";"00PI - APOIO A ALIMENTACAO ESCOLAR NA EDUCACAO BASICA (PNAE)";"Sem informação";"Administração Pública Municipal";"PB";"BAYEUX";"R$ 96.354,00";
"03/2017";"Legais, Voluntárias e Específicas";"00PI - APOIO A ALIMENTACAO ESCOLAR NA EDUCACAO BASICA (PNAE)";"Sem informação";"Administração Pública Municipal";"PB";"QUEIMADAS";"R$ 96.718,60";
"04/2017";"Legais, Voluntárias e Específicas";"00PI - APOIO A ALIMENTACAO ESCOLAR NA EDUCACAO BASICA (PNAE)";"Sem informação";"Administração Pública Municipal";"PB";"CABEDELO";"R$ 104.291,80";
"04/2017";"Legais, Voluntárias e Específicas";"00PI - APOIO A ALIMENTACAO ESCOLAR NA EDUCACAO BASICA (PNAE)";"Sem informação";"Administração Pública Municipal";"PB";"GUARABIRA";"R$ 104.346,40";
"03/2017";"Legais, Voluntárias e Específicas";"00PI - APOIO A ALIMENTACAO ESCOLAR NA EDUCACAO BASICA (PNAE)";"Sem informação";"Administração Pública Municipal";"PB";"GUARABIRA";"R$ 104.346,40";
"04/2017";"Legais, Voluntárias e Específicas";"00PI - APOIO A ALIMENTACAO ESCOLAR NA EDUCACAO BASICA (PNAE)";"Sem informação";"Administração Pública Municipal";"PB";"QUEIMADAS";"R$ 122.974,40";
"03/2017";"Legais, Voluntárias e Específicas";"00PI - APOIO A ALIMENTACAO ESCOLAR NA EDUCACAO BASICA (PNAE)";"Sem informação";"Administração Pública Municipal";"PB";"SANTA RITA";"R$ 133.029,20";
"04/2017";"Legais, Voluntárias e Específicas";"00PI - APOIO A ALIMENTACAO ESCOLAR NA EDUCACAO BASICA (PNAE)";"Sem informação";"Administração Pública Municipal";"PB";"BAYEUX";"R$ 155.667,40";
"04/2017";"Legais, Voluntárias e Específicas";"00PI - APOIO A ALIMENTACAO ESCOLAR NA EDUCACAO BASICA (PNAE)";"Sem informação";"Administração Pública Municipal";"PB";"PATOS";"R$ 167.342,80";
"04/2017";"Legais, Voluntárias e Específicas";"00PI - APOIO A ALIMENTACAO ESCOLAR NA EDUCACAO BASICA (PNAE)";"Sem informação";"Administração Pública Municipal";"PB";"SANTA RITA";"R$ 237.782,60";
"03/2017";"Legais, Voluntárias e Específicas";"00PI - APOIO A ALIMENTACAO ESCOLAR NA EDUCACAO BASICA (PNAE)";"Sem informação";"Administração Pública Municipal";"PB";"CAMPINA GRANDE";"R$ 281.984,20";
"04/2017";"Legais, Voluntárias e Específicas";"00PI - APOIO A ALIMENTACAO ESCOLAR NA EDUCACAO BASICA (PNAE)";"Sem informação";"Administração Pública Municipal";"PB";"CAMPINA GRANDE";"R$ 333.246,20";
"03/2017";"Legais, Voluntárias e Específicas";"00PI - APOIO A ALIMENTACAO ESCOLAR NA EDUCACAO BASICA (PNAE)";"Sem informação";"Administração Pública Municipal";"PB";"JOÃO PESSOA";"R$ 606.326,60";
"03/2017";"Legais, Voluntárias e Específicas";"00PI - APOIO A ALIMENTACAO ESCOLAR NA EDUCACAO BASICA (PNAE)";"Sem informação";"Administração Pública Estadual ou do Distrito Federal";"PB";"JOÃO PESSOA";"R$ 1.434.085,60";
"04/2017";"Legais, Voluntárias e Específicas";"00PI - APOIO A ALIMENTACAO ESCOLAR NA EDUCACAO BASICA (PNAE)";"Sem informação";"Administração Pública Estadual ou do Distrito Federal";"PB";"JOÃO PESSOA";"R$ 2.516.071,60";
